date,Age,Air Conditioner Price,Cosmetics,Employment Rate,Inflation,Bank loan rate,Forex rate,confidence,health,weakness,trajectory,news,Economic development,market,onsite,applicant,drive,wage,active,rental,annuity,rebate,goal,restaurant,takeaway,training,childcare,care,career opportunities,cost of living,economic policies,freelancing,government jobs,loan interest,market prices,national economy,train schedule,train ticket price,power cut schedule
2012-01-01,50,0,28,0,18,0,0,49,38,13,28,35,42,91,0,0,24,21,62,24,12,38,82,22,7,43,9,46,0,33,0,0,0,0,41,0,27,56,0
2012-02-01,47,0,29,0,18,0,0,44,43,15,0,35,54,77,0,0,16,27,58,25,0,30,62,24,5,49,9,50,0,33,0,0,0,0,25,0,35,0,0
2012-03-01,47,0,31,0,17,0,0,45,40,13,35,34,60,100,0,0,15,19,61,27,16,34,63,26,8,47,10,44,0,29,0,0,64,0,30,0,33,0,0
2012-04-01,53,0,28,0,19,0,0,40,43,15,36,33,0,67,0,0,25,20,58,30,0,32,66,25,8,45,0,45,0,29,0,0,0,0,0,0,50,0,0
2012-05-01,47,0,27,0,22,0,0,55,41,16,40,35,57,60,0,37,23,23,60,31,0,38,90,27,8,44,11,54,0,36,0,0,0,0,23,0,54,0,0
2012-06-01,69,0,28,0,20,0,0,45,42,13,0,37,36,50,0,0,20,19,57,37,0,41,100,26,6,43,13,49,0,25,0,0,0,0,45,0,56,0,0
2012-07-01,100,0,29,0,15,0,0,60,43,15,0,45,35,53,0,0,24,23,58,48,0,26,93,33,8,46,0,49,0,33,0,0,0,0,0,0,81,0,0
2012-08-01,72,0,31,0,19,0,0,46,38,20,35,49,52,50,0,38,21,19,58,44,0,37,100,34,11,46,21,48,0,32,0,0,0,0,0,0,59,0,0
2012-09-01,53,0,28,0,17,0,0,54,40,19,42,42,57,44,0,0,21,23,65,33,12,53,57,28,10,47,13,46,37,34,0,0,67,0,0,0,62,0,0
2012-10-01,51,0,25,0,17,0,0,62,45,17,30,42,59,41,0,33,22,21,68,27,9,39,47,27,11,46,11,41,0,27,0,0,45,0,21,0,62,0,0
2012-11-01,49,0,26,0,18,0,0,51,39,20,34,35,47,39,0,0,22,21,59,22,0,32,53,29,8,44,11,43,0,24,0,0,0,0,0,0,38,0,0
2012-12-01,61,0,28,0,19,0,0,47,33,21,24,36,62,50,0,0,21,19,63,20,0,46,48,30,14,41,0,43,0,22,0,0,45,0,0,0,23,0,0
2013-01-01,51,0,28,0,21,0,0,44,39,17,28,38,44,44,0,36,22,23,69,25,0,29,62,25,11,47,14,44,0,36,0,0,0,0,0,0,27,0,0
2013-02-01,48,0,28,0,20,0,0,43,40,20,27,39,60,35,0,53,24,23,65,27,0,41,47,28,12,48,12,45,0,31,0,0,0,0,0,0,37,0,0
2013-03-01,53,0,30,0,20,0,0,48,36,22,34,41,42,36,0,30,24,22,65,31,12,44,44,29,17,47,11,45,0,23,0,0,0,0,0,0,37,0,0
2013-04-01,50,0,29,0,22,0,0,53,39,22,26,47,52,33,0,30,24,22,66,33,15,64,45,27,12,50,11,44,0,39,0,0,0,0,22,0,26,48,0
2013-05-01,47,0,29,0,22,0,65,51,38,24,38,47,38,31,29,0,26,26,67,33,11,44,57,31,13,47,10,46,0,26,0,0,0,0,0,0,53,0,0
2013-06-01,47,0,26,0,19,0,0,51,36,21,31,46,45,29,0,0,22,22,66,39,9,49,61,31,13,49,14,46,0,29,0,0,0,0,0,0,48,0,0
2013-07-01,49,0,24,0,15,0,0,48,35,19,0,61,38,30,0,0,20,25,62,46,12,42,68,34,15,47,11,52,0,28,0,0,0,0,22,0,80,0,0
2013-08-01,51,0,27,0,13,0,0,42,35,16,0,62,40,31,0,0,19,23,64,54,0,55,73,40,12,48,18,46,0,30,0,0,55,0,0,0,58,0,0
2013-09-01,42,0,28,0,19,0,0,41,37,25,25,47,61,31,29,37,24,23,72,38,0,61,48,30,12,47,13,49,0,27,0,0,0,0,23,0,47,0,0
2013-10-01,40,0,29,0,22,0,0,58,42,23,28,45,52,32,42,0,45,28,70,32,12,45,41,31,13,51,12,48,0,32,0,0,0,17,0,0,50,0,0
2013-11-01,41,0,31,0,21,0,0,55,41,22,35,41,57,31,29,0,55,24,66,27,13,63,34,33,11,50,10,48,0,33,0,0,0,0,24,0,37,0,0
2013-12-01,51,0,30,0,19,0,0,48,40,21,29,43,67,32,0,28,49,24,68,26,15,34,37,33,12,46,0,46,0,28,0,0,0,0,25,0,30,0,0
2014-01-01,51,0,31,0,22,0,0,55,42,25,34,42,41,30,0,27,47,30,77,31,16,39,43,28,11,63,12,50,0,37,0,0,0,0,0,0,37,0,0
2014-02-01,48,0,30,0,22,0,0,50,41,20,0,45,77,31,28,42,54,28,75,33,8,37,37,32,14,57,11,45,0,28,0,0,0,0,0,0,35,55,0
2014-03-01,45,0,31,0,23,0,84,55,40,34,35,50,31,28,26,34,58,22,70,35,14,37,37,29,11,60,15,48,0,38,0,0,0,0,32,0,37,0,0
2014-04-01,48,0,28,0,23,0,0,53,43,23,35,48,45,27,0,38,54,31,67,39,12,59,44,33,15,46,18,40,0,27,0,0,0,0,42,81,55,0,0
2014-05-01,50,0,27,0,23,0,0,48,40,26,33,50,55,27,41,0,53,35,65,42,15,44,50,32,15,50,16,47,0,39,0,0,44,0,19,0,52,0,0
2014-06-01,48,0,25,0,21,0,70,51,42,26,31,52,48,29,40,0,45,29,65,48,14,62,73,33,15,51,17,45,0,39,0,0,0,0,39,0,77,49,0
2014-07-01,54,0,29,0,19,0,0,49,39,31,38,66,39,29,32,35,34,30,65,60,0,68,68,40,22,52,14,48,0,40,0,0,0,0,37,0,71,0,0
2014-08-01,57,0,28,0,19,0,78,47,39,35,34,79,31,31,0,32,33,24,66,58,0,76,62,47,24,53,20,50,0,37,0,0,0,0,29,0,53,0,0
2014-09-01,53,0,29,0,22,0,0,47,42,22,51,62,55,30,0,36,49,32,79,44,15,65,43,35,20,60,23,51,0,36,0,0,0,0,22,0,74,0,0
2014-10-01,61,0,28,0,26,0,0,52,47,25,40,57,74,30,30,57,69,29,73,38,0,63,37,32,17,58,9,46,36,40,0,0,0,24,30,0,52,0,0
2014-11-01,82,0,32,0,25,0,0,51,40,24,40,44,66,30,27,28,71,32,68,31,12,48,35,30,15,56,10,50,0,34,0,0,0,0,40,0,46,0,0
2014-12-01,94,0,33,0,25,0,0,52,38,26,39,56,38,32,0,47,61,30,63,31,11,38,36,37,14,53,14,44,0,27,100,0,0,0,35,0,45,0,0
2015-01-01,77,0,31,0,28,0,0,55,43,29,36,50,45,26,34,37,62,28,74,34,11,56,43,31,13,61,19,49,30,33,0,0,0,0,47,0,29,0,0
2015-02-01,59,0,32,0,27,0,0,51,40,29,34,45,86,25,27,0,67,31,74,36,10,50,35,35,17,63,12,55,31,45,0,0,0,17,0,0,35,0,0
2015-03-01,57,0,31,0,28,0,0,56,44,36,50,46,47,27,43,37,68,28,69,42,22,56,36,34,17,64,12,46,0,43,0,0,0,0,32,0,41,0,0
2015-04-01,59,0,32,0,23,0,0,52,42,28,29,47,60,28,34,36,66,33,64,42,20,52,41,37,17,50,15,48,0,41,0,0,0,0,33,0,47,46,0
2015-05-01,59,0,30,0,24,0,0,50,42,33,51,49,38,28,27,43,69,34,67,45,16,49,42,37,17,57,17,46,0,45,0,0,0,0,35,0,64,0,0
2015-06-01,53,0,28,0,24,0,79,58,37,28,56,55,47,29,44,39,54,32,70,50,13,78,43,38,21,59,20,50,0,40,0,0,0,0,40,0,81,0,0
2015-07-01,56,0,30,0,18,0,72,51,41,30,33,62,38,31,26,31,37,45,65,57,12,72,46,46,30,52,10,44,0,37,0,0,0,18,37,0,73,0,0
2015-08-01,58,0,28,0,17,0,74,44,36,33,0,63,0,30,0,26,36,34,61,52,9,59,48,50,25,48,17,46,0,41,0,0,0,0,39,0,59,52,0
2015-09-01,47,0,28,0,20,0,0,44,38,28,30,52,24,30,27,35,54,33,68,46,12,53,36,39,31,56,21,43,0,37,0,0,0,0,27,0,64,41,0
2015-10-01,45,0,30,0,23,0,76,48,38,28,17,48,55,29,22,26,78,35,68,39,15,63,30,38,23,58,13,50,27,30,0,0,0,0,36,0,53,0,0
2015-11-01,48,0,32,38,27,0,68,55,37,30,31,50,61,32,39,46,79,35,65,33,9,53,34,37,17,57,15,51,0,38,0,0,0,0,27,0,38,0,0
2015-12-01,55,65,34,0,24,0,0,49,35,23,39,42,41,30,33,33,70,31,63,32,12,39,32,41,15,59,10,50,0,35,0,0,0,0,31,0,39,0,0
2016-01-01,52,0,34,0,23,0,0,52,44,30,34,43,55,26,37,47,55,35,68,39,11,36,40,39,18,60,13,56,40,28,68,0,0,0,31,0,34,0,0
2016-02-01,48,0,36,0,27,0,0,56,65,36,58,43,67,26,35,64,62,36,66,43,10,58,40,41,21,62,20,57,0,40,0,0,0,0,50,0,37,0,0
2016-03-01,50,0,36,0,24,0,0,57,49,35,62,51,60,28,31,60,62,41,66,44,12,69,37,44,30,62,15,62,31,47,0,0,0,21,28,0,55,0,0
2016-04-01,47,0,34,0,25,0,0,53,56,31,47,49,77,27,55,54,63,46,63,51,19,74,39,42,25,57,18,55,0,39,0,0,0,0,37,0,49,0,0
2016-05-01,45,0,36,0,26,0,0,58,51,36,58,54,46,29,50,65,70,38,69,52,17,62,35,47,28,57,14,58,0,44,0,0,0,20,46,0,69,0,0
2016-06-01,48,0,34,0,22,0,73,61,50,35,50,78,59,30,38,55,56,40,64,55,13,69,48,48,33,56,17,57,0,46,0,0,63,17,42,0,72,0,0
2016-07-01,70,0,35,0,20,0,0,54,46,49,31,89,42,29,43,0,35,47,61,66,14,80,41,58,40,49,16,52,0,45,0,0,43,20,23,0,74,0,0
2016-08-01,61,0,38,0,20,0,0,52,45,43,26,84,31,28,0,36,34,44,58,69,11,61,39,61,37,46,29,49,0,36,0,0,0,22,27,0,65,57,0
2016-09-01,49,0,34,0,20,0,0,66,45,32,52,62,43,30,44,27,56,42,65,55,10,74,30,49,42,54,19,53,0,39,0,0,0,31,20,100,66,0,0
2016-10-01,47,0,35,0,32,0,78,65,48,34,53,58,59,30,36,36,72,40,67,47,16,73,28,50,29,53,19,55,0,48,0,0,0,19,32,0,55,45,0
2016-11-01,48,0,40,0,32,0,0,63,45,38,46,54,54,32,39,52,79,41,68,38,17,62,30,44,28,56,16,66,0,38,0,0,0,22,44,0,54,0,0
2016-12-01,53,0,39,0,25,0,0,57,39,40,40,47,49,32,40,41,64,57,56,36,16,46,28,50,27,55,15,62,0,43,0,0,39,0,33,0,40,60,0
2017-01-01,51,0,37,0,31,0,0,61,47,31,45,51,29,26,51,45,64,44,70,43,11,53,34,43,26,62,13,65,0,48,0,0,50,0,25,0,42,0,0
2017-02-01,46,0,35,0,30,0,0,56,46,39,49,48,54,28,44,56,75,41,72,44,19,48,29,47,26,68,18,59,0,55,0,0,0,0,25,0,34,0,0
2017-03-01,45,0,35,0,31,0,0,62,51,36,34,50,66,29,37,54,78,44,79,47,16,61,29,47,28,64,18,66,27,42,0,0,34,28,43,0,44,55,0
2017-04-01,46,0,33,0,30,0,0,50,50,37,31,58,64,32,61,55,65,44,67,47,16,68,33,56,37,55,15,61,0,53,0,0,0,0,26,0,69,0,0
2017-05-01,45,0,37,0,28,0,0,54,50,33,39,62,74,32,48,36,80,49,71,50,14,53,31,51,34,55,23,60,0,45,0,0,0,0,30,75,71,0,0
2017-06-01,47,0,38,42,28,0,0,58,47,36,49,87,49,34,26,42,58,47,67,61,12,75,27,56,38,60,28,60,0,55,0,0,0,17,26,0,81,0,0
2017-07-01,49,0,38,0,26,0,0,48,45,39,34,73,44,35,53,28,37,47,60,68,10,92,29,66,49,52,26,54,0,47,0,0,0,0,32,0,67,0,0
2017-08-01,54,0,35,0,21,0,74,44,49,37,32,90,0,36,0,41,33,51,53,62,11,77,36,70,52,48,25,52,0,46,0,0,0,0,22,0,57,0,0
2017-09-01,47,0,35,0,25,0,0,52,47,29,71,76,33,33,54,31,57,52,67,58,14,77,27,56,53,54,28,55,33,52,0,0,40,18,45,0,70,0,0
2017-10-01,42,0,36,0,30,0,0,61,45,32,29,75,58,35,45,31,78,50,65,48,12,56,25,47,38,54,17,52,28,41,0,0,43,18,28,0,60,0,0
2017-11-01,44,0,50,0,31,0,67,59,42,30,42,54,68,37,40,41,85,43,67,41,16,61,24,50,36,57,27,57,36,49,0,0,37,0,35,0,48,0,0
2017-12-01,52,0,45,0,31,0,100,58,39,29,23,48,51,38,27,0,64,44,57,38,9,44,25,56,37,49,15,53,0,42,0,0,0,0,31,0,37,0,0
2018-01-01,45,0,35,0,30,0,0,50,48,29,45,52,39,33,38,43,68,42,68,40,13,39,29,44,31,60,14,58,0,46,0,0,0,26,28,0,32,0,100
2018-02-01,48,0,35,0,34,0,64,47,46,42,66,51,61,31,42,41,73,48,69,44,12,51,26,48,35,59,19,58,0,50,0,0,0,17,32,0,27,0,0
2018-03-01,47,0,40,0,32,0,72,55,43,38,45,52,56,32,35,42,69,44,59,48,13,49,26,52,50,60,16,58,0,50,0,0,0,23,30,0,55,0,0
2018-04-01,45,0,36,32,32,0,0,62,48,32,29,56,71,36,57,29,69,53,59,47,8,66,37,54,51,53,26,55,25,47,0,0,0,0,35,0,50,0,0
2018-05-01,43,0,35,0,27,0,80,67,52,35,54,59,54,45,49,24,81,52,65,53,12,61,36,56,42,54,28,58,28,47,0,0,52,16,42,0,55,0,0
2018-06-01,44,0,32,0,22,0,0,61,44,36,27,64,42,38,38,46,61,56,51,60,9,62,52,60,57,54,14,56,63,44,0,0,39,14,35,0,63,0,0
2018-07-01,56,0,34,0,25,0,95,50,47,42,37,80,47,47,35,47,36,65,51,84,0,97,42,74,67,51,35,60,0,52,0,0,0,22,37,0,77,0,0
2018-08-01,52,0,37,0,23,0,0,51,52,50,35,78,27,51,29,38,32,59,49,81,9,74,30,84,71,54,42,58,0,54,0,0,48,36,22,0,51,0,0
2018-09-01,44,0,34,33,27,0,0,51,58,39,54,67,61,48,45,42,57,59,55,64,15,74,29,64,63,62,29,57,0,46,0,0,0,22,31,0,73,42,0
2018-10-01,41,0,34,0,31,0,0,50,53,34,44,68,74,42,42,39,74,61,57,51,18,69,25,53,57,62,31,62,47,42,0,0,0,38,48,0,68,0,0
2018-11-01,40,0,50,0,27,0,0,69,50,34,54,54,65,45,32,38,79,47,57,43,14,64,25,53,33,58,17,61,26,42,0,12,0,31,0,0,37,0,0
2018-12-01,51,0,43,0,26,0,0,76,45,37,35,55,43,44,26,22,62,46,51,44,13,55,27,58,38,55,24,62,42,35,0,0,44,35,22,0,43,0,0
2019-01-01,48,0,38,0,28,0,0,73,55,36,26,59,62,35,55,42,65,43,62,50,21,68,25,46,35,64,29,66,25,49,0,0,69,55,32,0,30,0,0
2019-02-01,48,0,41,32,29,0,56,55,56,33,56,56,54,33,75,48,72,52,68,56,29,52,26,51,34,66,28,70,29,53,0,0,42,40,38,0,45,0,0
2019-03-01,46,0,37,45,33,0,0,57,60,35,32,65,64,37,73,62,64,53,70,57,23,69,28,52,37,61,33,73,34,54,0,0,93,51,46,0,57,75,0
2019-04-01,50,0,37,0,37,0,0,57,58,36,42,61,46,41,62,45,59,61,75,68,24,75,34,59,51,65,32,71,0,38,0,0,76,70,26,0,53,47,0
2019-05-01,49,0,40,0,29,0,0,60,63,38,49,67,52,41,68,53,79,70,77,75,28,84,37,59,56,61,48,84,0,51,0,0,51,68,30,0,68,38,0
2019-06-01,57,0,46,0,29,0,77,56,65,38,40,74,45,49,57,45,62,68,70,85,20,100,31,63,68,60,31,91,29,53,0,0,46,51,28,0,72,70,0
2019-07-01,57,66,41,0,28,0,58,51,57,51,48,78,42,48,58,36,37,75,68,94,28,90,31,72,73,58,45,86,24,51,0,0,52,47,29,0,71,48,0
2019-08-01,63,0,38,0,28,0,0,52,54,57,28,83,39,50,59,39,32,68,73,94,28,76,37,92,100,58,51,78,41,52,0,0,57,48,39,0,58,45,0
2019-09-01,49,0,41,0,27,0,0,61,74,49,49,83,57,49,64,56,61,66,92,90,100,84,35,67,81,69,44,80,34,53,0,12,63,80,36,0,67,53,0
2019-10-01,46,0,50,26,29,0,0,66,70,39,32,78,43,43,66,49,86,58,75,69,56,76,29,58,62,64,29,76,0,46,0,0,57,80,23,0,76,56,0
2019-11-01,48,0,64,0,31,0,0,58,58,57,37,58,61,46,64,35,79,52,90,60,30,64,28,57,46,62,30,73,46,52,0,0,63,42,28,0,42,32,0
2019-12-01,52,0,55,0,26,0,48,67,63,63,32,54,66,51,56,45,66,45,91,61,35,55,32,56,43,57,26,74,29,49,0,0,48,56,42,0,47,43,0
2020-01-01,52,0,52,0,28,0,0,62,67,57,31,65,45,40,59,56,69,56,100,53,30,67,35,49,37,64,38,76,25,52,51,0,57,49,30,0,47,0,0
2020-02-01,47,64,50,26,27,0,0,65,62,57,40,68,48,36,67,46,76,53,81,48,19,59,34,54,39,63,27,76,46,39,61,0,39,43,50,0,44,35,0
2020-03-01,59,43,35,22,34,0,39,53,73,55,52,100,67,35,42,60,94,40,66,36,19,48,26,23,38,67,29,79,44,33,0,0,52,67,44,52,18,0,0
2020-04-01,65,0,50,32,34,0,0,63,71,60,59,67,65,39,46,46,86,36,67,22,18,43,19,11,27,72,17,81,43,36,0,0,42,58,38,72,0,0,0
2020-05-01,57,0,62,29,32,0,38,68,65,51,72,50,63,41,34,36,80,35,86,22,0,48,22,15,34,57,19,72,42,35,49,0,0,31,40,0,8,0,0
2020-06-01,48,0,55,0,27,100,47,64,55,46,33,47,41,35,43,45,61,31,85,29,14,52,28,34,27,52,15,68,36,29,0,0,30,42,23,0,8,0,0
2020-07-01,49,0,58,0,25,0,0,55,57,62,48,59,26,38,33,33,41,37,82,44,7,77,31,53,37,50,20,67,56,37,0,0,39,29,0,0,8,0,0
2020-08-01,54,0,41,0,27,0,46,47,56,52,25,61,21,42,0,38,36,39,83,48,11,65,31,75,43,51,31,66,41,31,0,0,37,26,19,0,10,0,0
2020-09-01,48,0,46,0,28,0,0,55,62,47,41,53,30,41,48,42,63,38,86,32,14,52,51,47,35,60,20,75,55,36,54,0,39,43,28,0,13,0,0
2020-10-01,48,0,53,0,26,0,0,61,61,44,38,56,53,36,37,20,76,33,81,28,18,55,39,32,40,56,18,70,46,29,0,0,0,29,27,0,0,0,0
2020-11-01,49,52,93,0,28,0,46,58,56,42,43,74,42,44,32,30,73,34,94,24,13,58,37,19,43,54,15,72,49,32,0,0,42,28,25,0,10,0,0
2020-12-01,51,0,61,0,31,0,0,48,57,43,36,52,39,43,0,50,57,33,86,23,11,41,37,29,32,55,17,67,54,28,0,0,0,28,33,0,8,0,0
2021-01-01,52,0,58,0,29,0,0,56,56,52,23,62,30,38,39,45,57,36,87,21,11,44,43,19,38,55,16,70,62,36,0,0,57,29,23,0,0,0,0
2021-02-01,51,0,61,36,37,0,52,58,58,50,36,49,33,38,28,32,66,38,78,23,16,47,44,24,40,59,18,75,25,33,59,0,37,19,50,0,0,0,0
2021-03-01,46,0,55,27,39,0,0,60,56,52,39,43,52,36,38,42,62,36,79,27,16,58,36,34,29,54,12,72,23,24,0,0,0,32,32,0,8,0,0
2021-04-01,49,0,55,0,37,0,0,46,59,53,37,39,47,37,26,49,63,35,72,30,16,49,37,34,31,55,21,87,59,41,0,0,31,36,25,0,0,0,0
2021-05-01,49,0,59,0,45,0,0,62,61,47,43,42,46,37,27,43,65,35,75,38,16,59,39,47,29,54,21,76,33,32,0,0,31,28,49,0,12,0,0
2021-06-01,49,0,53,0,39,0,0,42,65,40,26,44,43,38,61,40,52,41,69,45,11,57,35,53,29,57,20,68,68,31,0,0,35,32,26,0,20,0,0
2021-07-01,51,0,61,0,36,0,0,41,68,64,28,54,0,44,29,35,33,42,59,66,11,71,34,72,50,48,28,72,31,39,0,0,30,24,18,0,17,0,0
2021-08-01,54,0,46,0,37,0,0,38,66,59,28,60,0,49,40,56,28,50,62,71,9,71,38,91,55,44,29,70,57,39,0,0,0,20,17,0,21,0,0
2021-09-01,48,0,45,0,46,0,0,48,70,41,45,57,55,50,40,42,53,49,58,55,19,63,36,67,51,55,25,61,50,46,0,0,0,33,42,0,18,40,0
2021-10-01,52,0,48,0,56,0,0,57,72,42,41,55,50,50,43,39,65,51,61,55,15,80,39,69,56,52,29,68,38,35,0,0,0,25,37,0,27,0,0
2021-11-01,56,0,100,31,60,0,0,57,73,47,57,51,59,66,54,55,71,47,67,43,16,56,36,58,42,52,19,73,49,40,0,0,33,26,26,0,23,41,0
2021-12-01,55,0,48,0,68,0,61,53,76,62,35,56,50,68,48,51,62,50,54,48,10,45,39,54,42,47,17,72,31,48,0,0,42,31,44,0,22,0,0
2022-01-01,63,0,61,0,70,0,0,68,74,95,42,50,53,54,42,35,69,52,73,41,16,56,50,45,38,64,27,78,44,52,0,17,46,31,45,0,15,0,0
2022-02-01,61,0,56,34,69,0,51,68,73,80,42,64,72,49,56,47,84,59,75,51,24,76,44,55,38,64,32,75,62,60,55,18,40,33,62,0,21,0,0
2022-03-01,57,0,57,35,89,0,83,64,76,63,49,66,64,52,55,69,74,62,77,50,20,62,40,51,46,60,24,72,55,52,64,11,0,35,59,53,25,0,0
2022-04-01,61,0,57,30,85,0,76,71,74,66,42,51,55,54,52,53,70,54,69,57,12,94,44,64,49,52,27,70,54,61,45,8,30,29,51,0,30,41,0
2022-05-01,56,0,65,32,91,0,0,71,68,58,70,53,65,51,51,63,83,64,74,64,19,99,48,62,50,53,31,73,72,72,47,9,36,46,52,0,41,38,0
2022-06-01,60,0,57,0,98,0,0,100,65,62,56,58,33,61,54,47,67,73,67,71,9,78,30,69,65,54,44,70,100,71,48,13,0,34,44,0,47,73,0
2022-07-01,73,0,63,27,98,0,43,58,60,76,28,63,20,60,52,44,45,66,64,79,12,85,28,79,69,52,44,65,74,86,0,13,33,39,28,0,52,48,0
2022-08-01,63,0,52,0,94,0,56,48,56,79,39,57,21,63,35,57,39,70,62,76,14,85,39,94,69,51,59,65,46,80,0,17,0,33,48,0,48,62,0
2022-09-01,57,0,50,29,100,0,0,69,65,66,54,69,24,62,52,54,76,61,64,62,14,75,40,69,58,62,41,72,65,100,0,9,0,44,51,0,49,50,0
2022-10-01,53,0,57,0,88,0,0,62,64,75,50,58,37,53,45,48,83,58,67,50,24,76,46,60,46,57,32,72,52,85,48,12,34,48,43,0,40,36,0
2022-11-01,54,0,95,42,94,0,63,75,63,83,47,48,63,65,47,55,90,57,71,38,19,70,68,56,36,57,31,73,63,80,60,14,0,30,43,0,37,46,0
2022-12-01,61,0,65,35,75,0,0,61,56,92,47,42,38,66,49,46,72,54,67,43,13,42,60,58,39,52,27,72,33,62,73,0,45,34,53,0,31,43,0
2023-01-01,59,0,64,0,84,0,97,63,67,80,41,45,67,61,68,66,72,60,76,46,20,60,40,56,41,59,30,79,49,77,0,14,46,35,42,0,29,36,0
2023-02-01,59,0,62,27,83,0,54,61,68,69,42,47,69,55,71,62,81,58,73,46,25,50,42,57,42,57,26,79,34,69,0,17,33,26,36,62,36,0,0
2023-03-01,59,0,66,42,81,0,0,72,67,65,56,48,72,53,62,77,80,63,71,52,21,66,36,58,42,56,42,77,56,72,0,11,50,41,45,0,36,53,0
2023-04-01,63,0,66,31,79,0,0,61,65,69,56,46,65,59,73,62,69,67,71,59,11,70,40,71,48,54,38,77,35,83,0,11,0,37,51,62,53,45,0
2023-05-01,61,0,68,23,76,0,63,71,66,63,63,48,86,57,86,73,72,64,71,62,18,78,37,63,50,64,46,79,41,66,0,9,32,49,41,0,59,35,0
2023-06-01,61,0,63,29,71,0,0,63,65,59,47,60,53,62,77,60,60,74,70,71,17,67,29,70,57,53,51,78,37,67,0,14,27,39,31,0,47,66,0
2023-07-01,67,84,69,34,66,0,44,51,61,70,46,58,37,73,55,49,44,75,76,87,20,83,26,88,67,67,57,72,47,65,0,11,33,52,24,0,55,73,0
2023-08-01,66,0,51,0,60,0,48,57,63,72,44,59,23,78,38,59,37,68,72,81,13,73,34,100,61,61,60,74,31,71,0,19,0,43,37,0,52,99,0
2023-09-01,62,0,53,0,73,0,0,55,66,69,61,55,39,74,74,63,69,70,79,66,18,70,36,72,53,67,40,78,29,74,0,10,30,40,40,0,55,60,0
2023-10-01,59,0,54,28,69,0,0,64,68,67,57,62,67,66,64,51,84,71,81,57,15,65,38,66,43,68,35,80,26,78,0,19,40,41,37,0,63,74,0
2023-11-01,55,0,82,40,71,0,55,62,66,56,57,47,66,72,68,50,83,59,93,43,19,56,35,60,39,67,29,84,58,76,66,19,28,48,26,0,36,72,0
2023-12-01,64,0,63,39,66,0,59,56,57,76,55,40,53,76,44,50,66,58,86,41,14,59,42,62,39,69,26,83,60,60,0,14,0,41,31,0,38,60,0
2024-01-01,62,0,66,29,71,0,0,60,72,76,60,45,57,62,70,60,73,69,99,54,16,52,50,54,37,79,35,83,53,67,62,19,0,40,32,57,33,54,0
2024-02-01,60,0,54,33,71,0,0,63,75,76,58,39,62,55,80,73,87,74,85,63,23,68,36,62,38,83,33,87,61,84,0,20,0,59,36,0,35,0,0
2024-03-01,62,0,59,0,71,0,0,67,72,64,58,42,56,58,67,50,72,67,81,62,22,66,35,62,44,85,36,82,38,60,0,100,58,58,46,0,43,51,0
2024-04-01,63,0,59,42,72,0,0,74,75,65,82,44,58,58,78,71,80,84,86,75,21,80,39,61,47,84,46,86,36,70,0,17,0,55,37,78,54,37,0
2024-05-01,71,0,60,35,69,0,0,62,78,75,60,45,75,59,56,56,84,77,91,74,19,84,32,67,52,83,57,85,56,69,57,14,34,63,39,0,59,67,0
2024-06-01,80,0,50,35,61,0,48,59,75,76,65,46,60,58,95,42,65,79,78,84,20,80,40,72,53,84,64,85,50,71,0,20,0,64,28,0,60,44,0
2024-07-01,82,82,53,0,65,0,0,59,73,87,68,51,64,65,80,54,46,85,81,97,16,72,42,81,62,84,81,88,59,73,0,17,31,68,39,0,38,62,0
2024-08-01,82,0,40,0,63,0,0,50,70,94,43,54,47,69,64,70,40,78,82,99,14,65,31,96,63,84,100,86,49,72,0,22,44,56,42,0,61,46,0
2024-09-01,72,0,42,0,65,0,0,59,78,71,75,51,60,71,87,43,73,73,87,82,20,78,32,70,59,88,74,91,39,66,0,21,53,61,46,0,52,78,0
2024-10-01,71,0,51,38,65,0,0,72,81,72,100,52,67,61,100,51,94,84,87,69,16,74,36,60,48,84,47,91,43,71,0,12,37,58,40,0,47,72,0
2024-11-01,87,0,69,0,73,0,0,68,81,79,69,49,90,69,90,52,90,73,97,56,15,54,34,55,45,90,42,93,0,67,0,13,43,68,50,0,44,50,0
2024-12-01,76,0,54,0,60,0,0,63,86,77,54,37,74,71,74,62,79,62,92,53,20,65,33,55,41,88,37,91,45,60,0,27,52,47,39,0,29,84,0
2025-01-01,71,0,51,45,72,0,0,57,91,77,76,41,80,60,58,91,82,76,100,59,27,76,34,48,41,96,42,93,56,72,0,15,70,91,53,0,50,46,0
2025-02-01,70,0,44,0,69,0,0,67,90,73,76,46,72,54,85,66,92,81,93,64,26,57,32,56,45,100,47,96,62,64,71,0,66,55,48,0,49,49,0
2025-03-01,68,0,53,0,66,0,0,67,86,100,80,44,90,56,54,100,92,73,96,62,25,60,34,55,42,73,51,94,34,67,65,18,34,49,22,0,51,56,0
2025-04-01,70,0,48,0,62,0,0,63,83,81,73,50,86,59,100,73,75,83,85,76,18,74,33,61,46,65,62,90,0,69,72,19,58,48,54,0,63,61,0
2025-05-01,69,0,48,36,58,0,0,66,92,73,61,48,73,54,94,73,91,77,89,83,23,69,34,60,46,66,68,94,35,66,0,15,59,55,41,0,63,55,0
2025-06-01,71,0,45,40,66,0,0,86,100,85,91,56,100,62,78,68,70,89,83,97,23,75,28,63,58,75,80,100,56,73,0,21,85,100,74,0,70,94,0
2025-07-01,84,91,47,0,62,0,0,79,85,76,73,47,50,69,65,62,53,95,93,100,11,71,26,78,66,68,65,89,49,57,0,24,0,45,76,0,59,55,0
2025-08-01,87,100,43,35,66,0,0,66,84,96,32,47,44,74,78,56,45,95,92,96,13,74,32,92,75,65,97,86,0,78,0,15,0,54,81,0,100,100,0
2025-09-01,71,0,44,47,61,0,0,75,88,69,64,47,65,66,62,60,82,79,96,69,22,59,28,67,57,68,71,88,0,57,0,14,0,43,38,0,60,50,0
2025-10-01,71,0,46,100,86,0,0,69,98,73,94,58,77,65,90,76,100,100,96,67,24,77,29,65,50,69,64,87,0,86,62,27,100,58,100,0,78,68,0
