date,Age,Air Conditioner Price,Cosmetics,Employment Rate,Inflation,confidence,health,weakness,trajectory,news,Economic development,market,onsite,applicant,drive,wage,active,rental,annuity,rebate,goal,restaurant,takeaway,training,childcare,care,career opportunities,cost of living,freelancing,government jobs,loan interest,market prices,national economy,power cut schedule,train schedule,train ticket price,Forex rate,Bank loan rate,economic policies,/m/01q82,/g/1211cg58,/m/012_3l,/m/0gfps3,/g/11gbfbpzht
2012-01-01,86,0,16,0,19,51,43,22,0,54,0,77,0,0,21,0,99,31,0,0,89,64,0,24,0,30,0,0,0,0,0,0,0,0,0,0,0,0,0,51,20,18,52,27
2012-02-01,100,0,17,0,13,0,41,0,0,59,0,91,0,0,21,0,100,33,0,0,78,80,0,27,0,31,0,100,0,0,0,0,0,0,0,0,0,0,0,47,0,10,45,28
2012-03-01,68,0,17,0,20,53,39,19,0,56,0,100,0,0,20,28,97,27,0,0,69,59,0,28,0,38,0,0,0,0,0,0,0,0,0,0,0,0,0,46,34,28,70,30
2012-04-01,72,0,22,0,17,47,40,15,0,51,0,68,0,0,30,46,89,27,0,0,77,58,0,27,0,38,0,0,0,0,0,0,0,0,0,0,0,0,0,52,35,37,79,27
2012-05-01,71,0,20,0,11,46,39,0,0,45,0,66,0,0,31,0,87,22,0,0,81,69,0,25,0,35,0,0,0,0,0,0,0,0,0,0,0,0,0,49,76,40,83,26
2012-06-01,72,0,19,0,23,61,39,25,0,51,0,56,0,0,28,30,88,27,0,57,95,68,0,24,0,37,0,0,0,0,0,0,0,0,0,0,0,0,0,51,100,43,83,25
2012-07-01,91,0,24,0,11,62,39,24,0,54,0,52,0,0,26,29,81,27,0,0,100,66,0,26,0,32,0,0,0,0,0,0,0,0,0,0,0,0,0,47,39,25,58,31
2012-08-01,72,0,20,0,18,57,37,19,0,59,0,52,0,0,25,27,93,30,0,0,98,71,0,31,0,36,0,0,0,0,0,0,0,0,0,0,0,0,0,49,49,26,70,34
2012-09-01,71,0,22,0,17,71,40,27,0,57,0,49,0,0,26,0,90,26,0,0,77,64,0,27,0,37,0,0,0,0,0,0,0,0,0,100,0,0,0,44,37,20,64,27
2012-10-01,60,0,21,0,16,64,35,19,0,59,0,43,0,0,23,0,84,25,0,0,56,61,0,26,0,34,0,47,0,0,0,0,0,0,0,0,0,0,0,47,48,25,70,38
2012-11-01,58,0,20,0,0,71,33,21,0,68,0,45,0,0,23,0,85,24,0,0,58,64,0,30,0,30,0,0,0,0,0,0,0,0,0,0,0,0,0,52,48,32,72,29
2012-12-01,67,0,19,0,10,32,30,18,0,60,0,56,0,0,25,0,78,25,0,0,51,71,0,26,0,28,0,0,0,0,0,0,0,0,0,0,0,0,0,47,22,21,46,27
2013-01-01,65,0,19,0,12,58,45,22,0,59,0,43,0,0,24,40,86,28,0,0,88,67,0,29,0,27,0,46,0,0,0,0,0,0,0,0,0,0,0,49,7,10,41,32
2013-02-01,65,0,22,0,17,60,41,20,0,61,0,38,0,0,23,0,90,30,0,0,64,82,0,25,0,29,0,0,0,0,0,0,0,0,0,0,0,0,0,42,0,10,40,30
2013-03-01,57,0,21,0,20,61,35,22,0,59,0,37,0,0,25,0,87,25,0,48,53,60,0,28,0,32,0,0,0,0,0,0,0,0,0,0,0,0,0,43,37,26,68,33
2013-04-01,55,0,19,0,15,29,34,23,0,64,0,36,0,0,25,49,82,27,0,0,54,58,0,27,0,32,0,0,0,0,0,0,0,0,0,0,0,0,0,55,46,42,83,31
2013-05-01,59,0,19,0,18,54,33,20,0,57,0,37,0,0,26,33,79,27,0,41,70,69,0,27,0,34,0,0,0,0,0,0,0,0,0,0,0,0,0,53,64,37,78,27
2013-06-01,56,0,21,0,21,64,33,29,0,54,0,30,0,0,25,20,80,26,0,0,86,62,0,27,0,34,0,0,0,0,0,0,0,0,0,0,0,0,0,52,61,31,73,26
2013-07-01,59,0,19,0,13,71,35,22,0,57,0,30,0,0,24,0,77,23,0,0,95,62,0,30,0,34,0,0,0,0,0,0,0,0,0,0,0,0,0,51,28,25,58,31
2013-08-01,47,0,16,0,16,54,33,14,0,56,0,29,0,0,25,35,81,24,0,47,79,65,0,27,0,35,0,0,0,0,0,0,0,0,0,0,0,0,0,52,38,27,73,33
2013-09-01,51,0,17,0,13,52,36,18,0,58,0,28,0,0,26,0,79,27,0,0,69,60,0,25,0,32,0,0,0,0,0,0,0,0,0,0,0,100,0,50,43,28,66,29
2013-10-01,44,0,18,0,17,67,35,24,0,56,0,28,0,0,31,39,87,25,0,41,52,63,0,30,0,35,0,37,0,0,0,0,0,0,0,0,0,0,0,52,43,27,78,32
2013-11-01,46,0,20,0,19,51,31,26,0,56,0,29,0,0,37,38,89,26,0,0,43,63,0,33,0,34,0,0,0,0,0,0,0,0,0,0,0,0,0,59,47,32,75,31
2013-12-01,52,0,19,0,20,47,29,34,0,62,0,29,0,0,32,0,79,29,0,0,45,67,0,28,0,32,0,0,0,0,0,0,0,0,0,0,0,0,0,53,22,23,57,29
2014-01-01,52,0,20,0,14,47,35,22,0,63,0,24,0,0,30,30,83,32,0,0,59,68,0,31,0,34,0,0,0,0,0,0,0,0,0,0,0,0,0,54,5,10,56,36
2014-02-01,55,0,20,0,21,38,33,39,0,63,0,24,0,0,32,36,73,30,0,0,46,85,0,29,0,30,0,0,0,0,0,0,0,0,0,0,0,0,0,50,6,9,47,36
2014-03-01,45,0,22,0,18,64,33,23,0,63,44,25,0,0,36,24,69,25,0,0,42,63,0,28,0,32,0,39,0,0,0,0,0,0,0,0,0,0,0,56,27,26,79,41
2014-04-01,50,0,18,0,23,52,32,15,0,67,0,27,0,0,39,24,65,21,0,0,45,59,0,29,0,33,0,0,0,0,0,0,0,0,0,0,0,0,0,56,39,39,78,35
2014-05-01,48,0,27,0,24,52,31,25,0,57,0,24,0,0,36,42,66,25,0,0,52,72,0,28,0,34,0,0,0,0,0,0,0,0,0,0,0,0,0,57,50,36,78,34
2014-06-01,48,0,26,0,21,50,34,35,0,57,0,22,0,0,40,30,68,24,0,0,86,57,0,27,0,34,0,0,0,0,0,0,0,0,0,0,0,0,0,53,53,37,77,33
2014-07-01,58,0,27,0,26,70,35,24,0,60,0,24,0,0,37,31,69,33,0,0,94,68,0,30,0,32,0,42,0,0,0,0,0,0,0,0,0,0,0,51,20,16,64,39
2014-08-01,47,0,25,0,19,56,33,28,100,61,100,24,0,0,40,43,77,28,0,0,78,71,0,35,0,31,0,0,0,0,0,0,0,0,0,0,0,0,0,58,38,36,76,48
2014-09-01,54,0,29,0,26,61,37,31,0,70,0,23,0,0,39,22,82,28,0,0,56,64,0,30,0,34,0,42,0,0,0,0,0,0,0,0,0,0,0,58,40,35,79,37
2014-10-01,61,0,23,0,26,57,37,25,0,60,0,24,0,0,43,34,77,25,0,65,39,66,0,30,0,33,0,0,0,0,0,0,0,0,0,0,0,0,0,65,41,36,85,40
2014-11-01,57,0,26,0,28,60,35,24,0,58,0,22,0,0,42,30,73,28,0,0,44,69,0,30,0,35,0,0,0,0,0,0,0,0,0,0,0,0,0,64,45,36,85,43
2014-12-01,73,0,23,0,19,43,34,27,0,62,0,24,0,0,36,30,69,32,0,45,43,73,0,29,0,30,0,0,0,0,0,87,0,0,0,0,0,0,0,67,23,23,62,43
2015-01-01,67,0,31,0,21,51,35,39,0,67,0,22,0,0,32,37,68,36,0,42,60,77,0,32,0,32,0,0,0,0,0,0,0,0,0,0,0,0,0,68,7,11,59,44
2015-02-01,59,0,30,0,21,59,30,16,0,67,0,20,0,0,32,41,66,34,0,0,45,85,0,28,0,32,100,53,0,0,0,0,0,0,0,0,0,0,0,62,8,11,51,43
2015-03-01,47,0,30,0,30,55,34,29,0,61,48,21,0,0,40,30,71,31,0,0,37,63,0,28,0,31,0,52,0,0,0,0,0,0,0,0,0,0,0,67,24,28,77,49
2015-04-01,55,0,29,0,13,62,34,25,0,58,0,23,0,0,42,31,65,25,0,0,42,59,0,29,0,33,0,0,0,0,0,0,0,0,0,0,0,0,0,67,39,38,80,42
2015-05-01,71,0,39,0,28,84,33,24,0,54,0,21,0,0,46,24,60,27,0,0,45,76,0,32,0,31,0,41,0,0,0,0,0,0,0,0,0,0,0,59,40,34,76,41
2015-06-01,51,0,36,0,18,49,31,19,0,51,0,21,0,0,44,40,67,26,0,0,50,64,0,31,0,34,0,0,0,0,0,0,0,0,0,0,0,0,0,64,40,33,76,40
2015-07-01,54,0,42,0,22,62,34,21,0,56,0,21,0,0,37,58,64,29,0,59,61,70,0,32,0,33,0,0,0,0,0,0,0,0,0,0,0,0,0,58,26,24,63,43
2015-08-01,51,0,39,0,22,59,36,24,0,55,0,21,0,0,45,26,60,29,0,0,56,66,0,36,0,33,0,36,0,0,0,0,0,0,0,0,0,0,0,67,47,31,79,55
2015-09-01,51,0,33,0,25,51,33,22,0,61,0,19,0,0,46,32,62,28,0,0,44,60,0,35,0,32,0,0,0,0,0,0,0,0,100,0,0,0,0,66,42,26,77,41
2015-10-01,46,0,34,0,25,51,29,20,0,57,0,21,0,0,47,51,56,27,0,0,40,67,0,36,0,33,0,0,0,0,0,0,0,0,0,0,0,0,0,65,41,28,78,44
2015-11-01,42,0,33,0,28,73,31,27,0,67,0,20,0,0,53,43,57,28,0,0,38,65,52,33,0,29,0,0,0,0,0,0,0,0,0,0,0,0,0,65,45,36,80,39
2015-12-01,44,0,34,0,29,64,29,23,0,54,0,21,0,58,39,31,59,31,0,0,35,73,0,33,0,28,0,0,0,0,0,0,0,0,0,0,0,0,0,57,21,21,57,38
2016-01-01,47,0,34,0,28,39,39,25,0,56,0,19,0,0,34,44,50,37,0,0,42,75,0,37,0,33,0,0,0,0,0,0,0,0,0,0,0,0,0,45,15,14,55,45
2016-02-01,46,0,41,0,24,48,34,32,0,58,0,20,0,0,33,56,51,39,0,0,39,88,0,32,0,32,0,0,0,0,0,0,0,0,0,0,0,0,0,43,11,10,51,45
2016-03-01,37,0,38,0,30,43,36,25,0,61,0,19,0,0,37,49,54,36,0,74,31,66,0,35,0,31,0,43,0,0,0,0,0,0,0,0,0,0,0,45,31,33,74,51
2016-04-01,37,0,46,0,22,65,37,31,0,54,42,21,0,0,40,56,53,31,0,0,34,64,0,31,0,33,0,0,0,0,0,0,0,0,0,0,0,0,0,44,42,41,80,43
2016-05-01,37,0,48,0,26,50,37,21,0,53,41,19,0,0,46,51,56,31,0,0,39,71,0,34,0,33,0,42,0,0,0,0,0,0,0,0,0,0,0,44,49,43,77,41
2016-06-01,39,0,52,0,23,61,37,28,0,62,43,18,0,0,42,51,47,35,0,42,44,61,0,29,0,36,0,38,0,0,0,0,0,0,0,0,0,0,0,45,49,38,72,43
2016-07-01,44,0,58,0,23,76,31,35,0,60,0,20,0,0,35,30,46,34,0,0,44,73,0,34,0,34,0,0,0,0,0,0,0,0,0,0,0,0,0,41,18,23,57,44
2016-08-01,33,0,57,0,18,56,32,54,0,51,0,20,0,0,40,52,47,32,0,0,45,62,0,33,0,34,0,0,0,0,0,0,0,0,0,0,0,0,0,40,35,27,70,58
2016-09-01,35,0,46,0,27,96,33,34,0,70,0,19,0,0,38,50,50,30,0,0,38,66,0,30,0,37,0,48,0,0,0,0,0,0,0,0,0,0,0,42,32,27,69,42
2016-10-01,37,0,51,0,20,58,31,27,0,58,0,19,0,0,42,44,52,29,0,0,30,70,0,32,0,33,0,0,0,0,0,0,0,0,0,0,0,0,0,37,34,25,69,40
2016-11-01,32,0,48,0,36,76,33,21,0,77,0,21,0,0,49,29,50,33,0,51,39,70,0,32,0,36,0,66,0,0,0,0,0,0,0,0,0,0,0,60,38,33,6,3
2016-12-01,41,0,57,0,26,51,31,22,0,55,0,21,0,0,38,34,51,35,0,0,29,76,0,32,0,34,0,0,0,0,0,0,0,0,0,0,0,0,0,55,14,22,2,0
2017-01-01,42,0,48,0,27,75,33,34,0,66,0,21,0,0,34,51,50,38,0,58,38,75,0,29,0,35,0,0,0,0,0,0,0,0,0,0,0,0,0,57,7,13,2,0
2017-02-01,41,0,52,0,26,70,29,23,0,63,0,21,0,0,34,49,53,38,0,45,29,89,0,30,0,34,0,82,0,0,0,0,0,0,0,63,0,0,0,47,5,8,1,0
2017-03-01,37,0,50,0,30,61,34,26,0,56,0,21,0,0,47,47,57,33,0,44,27,66,0,31,0,38,0,52,0,0,0,0,0,0,0,0,0,0,0,59,29,28,2,0
2017-04-01,34,0,45,0,38,70,32,29,0,63,0,24,0,0,55,52,52,28,0,44,31,65,0,30,0,34,0,0,0,0,0,0,0,0,0,0,0,0,0,53,31,40,2,0
2017-05-01,31,0,54,0,21,43,34,18,0,55,0,21,0,0,58,67,51,29,0,38,34,73,0,31,0,39,0,0,0,0,0,0,0,0,0,0,0,0,0,56,40,43,2,0
2017-06-01,34,0,45,0,22,61,35,25,0,53,0,23,0,74,53,54,52,31,0,0,33,65,0,31,0,38,0,57,0,0,0,0,0,0,0,0,0,0,0,51,45,37,2,0
2017-07-01,39,0,48,0,25,36,44,23,0,50,0,24,0,0,42,30,61,34,0,0,34,76,0,29,0,38,0,45,0,0,0,0,0,0,0,0,0,0,0,54,32,28,2,0
2017-08-01,37,0,46,0,26,47,43,36,0,52,0,25,0,0,52,39,55,28,0,0,33,67,0,29,43,35,0,0,0,0,0,0,0,0,0,0,0,0,0,55,46,27,2,0
2017-09-01,35,0,51,0,22,80,36,17,0,56,0,24,0,0,50,42,56,30,0,0,27,73,0,27,0,37,0,60,0,0,0,0,0,0,0,0,0,0,0,61,30,37,2,0
2017-10-01,32,0,43,0,37,63,32,40,0,52,0,23,0,0,52,69,56,30,0,44,25,69,0,30,0,36,0,40,0,0,0,0,0,0,0,0,0,0,0,59,36,34,2,0
2017-11-01,32,0,53,0,31,78,35,31,0,54,0,24,0,0,59,29,55,29,0,60,27,67,0,28,0,32,0,0,0,0,0,0,0,0,0,0,0,0,0,67,40,54,3,0
2017-12-01,38,0,52,0,38,66,28,27,0,56,68,29,0,0,41,53,53,35,0,49,24,75,0,26,0,33,0,0,0,0,0,0,0,0,0,0,0,0,0,66,19,42,2,0
2018-01-01,38,0,47,0,33,64,33,34,0,67,0,31,0,0,40,44,59,40,0,0,31,82,0,32,0,34,0,48,0,0,0,0,0,0,0,0,0,0,0,68,6,13,2,0
2018-02-01,44,0,53,0,27,59,29,40,0,59,0,28,0,0,38,47,59,35,0,0,28,100,0,29,0,35,0,46,0,0,0,0,0,0,0,0,0,0,0,65,10,12,1,0
2018-03-01,32,0,45,0,31,63,34,23,0,56,0,26,0,0,61,51,61,30,0,49,24,70,0,31,0,35,0,46,0,0,0,0,0,0,0,0,0,0,0,61,45,63,2,0
2018-04-01,29,0,42,0,26,69,35,22,0,55,53,28,0,0,69,48,56,28,0,0,27,68,0,29,0,36,0,0,0,0,0,0,0,0,0,0,0,0,0,62,65,77,2,0
2018-05-01,34,0,45,0,25,68,31,34,0,50,0,25,0,0,61,60,64,27,0,45,26,74,0,28,0,37,0,0,0,0,0,0,0,0,0,0,0,0,0,63,49,59,2,0
2018-06-01,30,0,37,0,26,58,36,32,0,45,0,25,0,0,57,47,56,25,0,57,35,63,0,26,0,35,0,39,0,0,0,0,0,0,0,0,0,0,0,57,50,0,2,0
2018-07-01,35,0,48,0,28,68,30,32,0,49,0,29,0,0,50,33,52,30,0,0,30,72,0,29,0,37,0,0,0,0,0,0,0,0,0,0,0,0,0,52,28,0,2,0
2018-08-01,28,0,45,0,31,82,38,44,0,48,0,29,0,0,55,51,61,39,0,54,25,67,0,31,0,37,0,39,0,0,0,0,0,0,0,0,0,0,0,66,53,0,2,0
2018-09-01,31,0,42,0,32,56,35,36,0,51,0,27,0,0,52,44,58,31,0,0,22,67,0,31,0,38,0,51,0,0,0,0,75,0,0,0,0,0,0,61,75,0,2,0
2018-10-01,25,0,69,0,22,50,37,46,82,55,0,27,0,0,60,39,57,38,43,46,25,65,57,31,0,40,0,42,0,0,0,0,0,0,0,0,0,0,0,62,70,38,2,0
2018-11-01,28,0,48,0,30,64,34,30,0,58,0,27,0,0,61,59,55,36,0,37,22,70,0,31,0,41,0,52,100,0,0,0,0,0,0,0,0,0,0,69,79,75,2,39
2018-12-01,31,0,60,0,31,81,36,53,0,54,0,31,0,0,43,50,56,43,0,45,21,77,0,30,0,42,0,45,0,0,0,0,0,0,82,0,0,0,0,55,38,49,2,40
2019-01-01,33,0,52,0,34,54,37,33,0,65,0,30,0,0,40,52,57,54,0,61,23,75,0,32,0,42,0,58,0,0,0,0,0,0,0,0,0,0,0,59,89,35,2,65
2019-02-01,31,0,46,0,35,56,34,28,0,64,0,29,0,0,35,58,60,47,0,47,23,88,66,28,44,42,0,69,0,0,0,0,0,0,87,0,0,0,100,61,38,31,2,83
2019-03-01,27,0,49,0,35,51,45,38,0,65,0,28,0,0,51,45,60,51,0,59,22,71,0,36,0,43,0,49,0,0,0,0,0,0,0,0,0,0,0,56,46,47,2,100
2019-04-01,29,0,40,0,38,72,49,29,0,56,0,30,0,0,65,79,62,57,0,34,27,66,61,35,0,83,0,51,0,0,0,0,0,0,92,0,0,0,0,60,68,73,3,79
2019-05-01,28,0,65,0,34,78,48,43,0,57,0,30,87,0,66,44,68,49,0,36,27,74,0,34,0,62,0,70,0,0,0,0,0,0,0,0,0,0,0,56,56,75,16,76
2019-06-01,31,0,47,0,28,57,51,36,0,54,0,27,0,0,70,74,62,49,62,46,33,66,66,33,0,56,0,42,0,0,0,0,0,0,0,0,0,0,0,57,46,85,22,78
2019-07-01,33,0,56,0,27,68,49,45,82,63,0,30,0,0,55,79,68,61,0,0,29,75,77,39,0,57,0,37,0,0,54,0,0,0,0,0,0,0,0,56,29,56,74,89
2019-08-01,31,0,49,0,38,72,51,46,0,55,0,32,0,0,63,43,66,49,44,32,23,68,100,36,0,53,0,0,0,0,50,0,0,0,0,0,0,0,0,60,46,81,69,97
2019-09-01,28,0,45,0,35,66,55,48,0,78,0,30,0,0,63,71,68,55,100,58,23,67,62,35,0,56,0,71,0,0,68,0,0,0,0,0,0,0,0,61,41,79,56,70
2019-10-01,28,0,53,0,30,58,47,37,0,91,36,27,0,0,57,100,67,53,93,38,23,56,58,30,0,51,0,41,0,0,0,0,0,0,0,0,0,0,0,60,39,71,55,64
2019-11-01,32,0,51,0,28,56,43,70,0,82,34,28,0,0,52,97,73,49,43,47,19,58,0,32,0,50,0,56,0,0,0,0,100,0,0,0,0,0,0,100,57,66,63,68
2019-12-01,31,0,62,0,31,53,44,63,0,60,0,31,0,0,47,60,87,58,0,35,22,68,84,30,0,50,0,60,0,0,0,0,0,0,0,0,0,0,0,85,28,49,40,63
2020-01-01,32,0,48,0,41,70,43,68,0,74,0,27,0,0,47,74,77,50,41,56,20,68,68,35,0,52,0,38,0,0,0,0,0,0,0,0,0,0,0,60,12,40,27,79
2020-02-01,30,0,53,0,30,68,38,56,0,73,0,29,0,0,41,49,73,46,0,32,22,89,0,32,0,52,0,56,0,0,0,0,0,0,0,0,0,0,0,53,11,25,21,73
2020-03-01,41,0,48,0,37,67,55,61,0,100,0,29,0,0,70,51,64,33,0,39,19,33,0,36,0,52,0,35,0,0,0,0,0,0,0,0,0,0,0,71,65,45,53,62
2020-04-01,51,0,76,0,30,83,50,58,0,77,29,31,76,0,83,39,72,17,0,64,19,16,0,37,27,56,0,30,0,0,0,0,0,0,0,0,0,0,0,53,66,60,56,58
2020-05-01,46,0,89,0,28,77,43,52,50,61,0,30,0,0,78,36,72,16,0,24,18,18,50,31,0,51,46,32,0,0,0,0,0,0,0,0,0,0,0,47,67,60,46,38
2020-06-01,36,100,76,0,33,70,42,58,0,60,0,30,73,0,76,47,66,18,35,29,29,17,0,32,0,56,61,0,0,0,0,0,0,0,0,0,0,0,0,51,54,43,47,32
2020-07-01,34,0,71,0,26,61,40,67,0,49,0,28,0,0,70,44,69,21,0,44,20,17,29,31,0,50,0,31,0,0,0,0,0,0,0,0,0,0,0,47,49,23,45,28
2020-08-01,31,0,81,0,36,59,36,51,0,46,28,32,0,0,63,41,88,23,0,32,23,16,30,29,0,52,0,22,0,0,30,0,0,0,0,0,0,0,0,42,39,22,43,30
2020-09-01,31,0,87,0,38,61,38,48,0,50,0,28,0,0,66,59,86,25,0,56,23,22,0,30,0,57,0,24,0,0,0,0,0,0,0,0,0,0,0,44,46,24,48,26
2020-10-01,28,0,56,0,36,54,33,40,0,52,0,26,0,0,56,39,72,22,0,38,23,31,0,26,0,49,58,27,0,0,0,0,0,0,0,0,0,0,0,43,44,28,48,25
2020-11-01,30,0,68,0,38,50,32,42,0,98,0,27,0,0,57,37,79,22,0,0,24,43,0,27,0,49,55,0,0,0,0,0,0,0,0,0,0,0,0,45,53,26,51,25
2020-12-01,32,0,70,0,39,50,28,42,0,49,0,28,0,0,48,49,96,22,0,0,26,40,0,26,0,50,76,0,0,0,0,0,0,0,0,0,0,0,0,44,34,15,32,19
2021-01-01,31,0,54,0,33,63,33,57,0,57,0,32,0,0,42,45,81,23,0,36,22,38,0,27,0,59,0,0,0,0,0,0,0,0,0,0,0,0,0,42,10,11,23,25
2021-02-01,32,0,50,0,37,37,30,58,0,46,0,36,0,0,42,47,71,25,0,0,23,57,0,27,0,64,0,44,0,0,0,0,0,0,0,0,0,0,0,40,6,7,31,28
2021-03-01,29,0,48,0,44,74,33,43,0,46,0,33,0,0,55,38,60,23,0,30,21,31,0,28,0,57,0,25,0,0,0,0,0,0,0,0,0,0,0,24,33,18,68,26
2021-04-01,32,0,47,0,35,63,35,55,0,45,0,32,0,38,61,39,75,22,39,27,21,17,34,26,0,62,64,0,0,0,30,0,0,0,0,0,0,0,0,20,64,34,83,22
2021-05-01,27,0,51,0,40,68,33,44,0,42,0,36,0,0,55,52,78,22,0,44,23,30,38,27,0,59,0,35,0,0,0,0,0,0,0,0,0,0,0,17,52,27,74,28
2021-06-01,27,0,59,0,49,62,35,38,0,43,0,29,0,0,55,44,83,24,0,32,26,30,35,28,0,59,53,35,0,0,32,0,0,0,0,0,0,0,0,15,56,32,72,21
2021-07-01,27,0,50,0,36,70,38,47,0,43,0,29,0,0,49,43,71,28,0,27,21,61,0,27,0,61,53,45,0,0,39,0,0,0,0,0,0,0,0,16,29,23,57,26
2021-08-01,28,0,51,0,39,48,34,49,0,47,0,30,0,0,51,31,75,29,0,39,25,65,0,28,0,57,0,0,0,0,0,0,0,0,0,0,0,0,0,27,40,31,69,40
2021-09-01,28,0,48,0,58,61,36,36,0,45,0,32,0,0,52,28,64,29,0,56,26,61,0,30,0,59,0,32,0,0,0,0,0,0,0,0,0,0,0,33,39,36,75,31
2021-10-01,33,0,48,0,47,71,38,42,0,43,0,31,98,0,50,47,67,30,0,40,23,64,0,27,0,56,0,0,0,0,0,0,0,0,0,0,0,0,0,38,41,38,78,26
2021-11-01,30,0,51,0,52,55,40,44,0,44,0,33,0,0,53,44,65,33,0,40,21,60,0,30,0,56,0,0,0,0,0,65,0,0,0,0,0,0,0,35,43,48,91,26
2021-12-01,29,0,60,0,62,53,39,52,0,50,0,35,0,0,44,33,71,43,0,34,24,69,46,31,43,58,0,0,0,0,0,0,0,0,0,0,0,0,0,37,21,34,56,24
2022-01-01,37,0,49,0,59,66,39,46,0,47,0,33,0,0,53,52,69,40,0,36,29,75,0,29,0,71,0,32,0,0,0,0,0,0,0,0,0,0,0,34,8,36,45,31
2022-02-01,34,0,51,0,50,71,39,68,0,64,0,34,0,0,54,54,68,40,0,42,27,87,51,29,31,68,0,61,0,0,0,0,0,0,0,0,0,0,0,36,8,31,44,31
2022-03-01,28,0,46,0,94,71,38,60,0,64,0,32,0,0,72,67,70,33,33,22,23,56,0,28,41,62,0,50,0,0,0,0,0,0,0,0,0,0,0,48,33,61,84,34
2022-04-01,28,0,45,0,74,65,44,47,0,51,0,29,0,32,86,61,64,29,0,47,21,58,0,27,0,59,77,54,0,0,0,0,0,0,0,0,0,0,0,53,56,82,100,30
2022-05-01,28,0,60,0,79,66,39,55,0,48,0,30,77,0,79,62,72,29,0,53,25,58,0,28,29,62,72,38,0,0,0,0,0,0,0,0,0,0,0,58,51,80,79,30
2022-06-01,29,0,47,0,74,65,51,61,0,47,0,27,0,0,86,48,67,30,0,49,23,54,32,29,0,64,86,34,0,0,0,0,0,0,0,0,0,0,0,58,50,70,81,30
2022-07-01,35,0,51,0,70,59,41,63,0,48,0,28,0,45,66,62,66,31,30,32,21,57,0,31,25,62,63,36,0,0,0,0,0,0,0,0,0,0,0,76,32,26,66,32
2022-08-01,26,0,58,0,61,69,37,49,0,52,0,26,0,0,64,42,62,31,0,31,23,51,0,29,0,60,0,23,0,0,0,0,0,0,0,0,0,0,0,61,39,49,79,34
2022-09-01,29,0,46,0,64,99,36,54,48,68,0,28,0,0,69,57,66,27,0,39,24,49,0,27,0,60,61,53,0,0,0,0,0,0,0,0,0,0,0,67,39,84,81,31
2022-10-01,29,0,55,0,100,66,38,63,0,48,0,28,90,0,70,53,71,28,0,35,27,55,0,28,0,65,0,43,0,0,0,0,0,0,0,0,0,0,0,52,42,100,82,28
2022-11-01,28,0,59,0,77,80,40,85,47,53,0,28,0,0,74,65,68,33,0,28,49,52,0,27,0,65,58,38,0,0,0,0,0,0,0,0,0,0,0,56,41,89,82,28
2022-12-01,32,0,61,0,70,56,39,99,0,54,0,29,0,0,63,53,73,33,0,40,45,59,0,26,34,64,0,35,0,0,0,0,0,0,0,0,0,0,0,48,16,51,54,26
2023-01-01,35,0,46,0,82,83,42,85,0,50,0,28,0,39,60,53,71,39,0,41,27,69,0,30,0,76,0,39,0,0,0,0,0,0,0,0,0,0,0,53,9,33,48,34
2023-02-01,37,0,54,0,72,48,36,78,0,48,0,29,0,0,54,47,71,33,0,36,27,75,0,29,0,73,54,46,0,0,0,0,0,0,0,0,0,0,0,51,6,21,44,31
2023-03-01,30,0,44,0,61,68,41,63,44,44,0,27,0,52,76,57,75,29,0,40,28,54,0,28,0,71,53,54,0,0,0,0,0,0,0,34,0,0,0,54,41,47,86,35
2023-04-01,29,0,45,0,79,66,41,57,0,44,0,26,0,59,78,50,65,28,0,39,27,50,0,26,0,65,0,25,0,0,0,0,0,0,0,0,0,0,0,48,54,54,91,28
2023-05-01,30,0,63,0,67,84,46,50,0,41,0,27,0,37,80,55,67,26,0,26,28,53,0,80,0,69,48,43,0,0,0,0,0,0,0,0,0,0,0,57,53,59,85,27
2023-06-01,28,0,47,0,58,71,44,62,43,47,0,27,0,0,81,54,59,24,0,46,29,51,0,67,0,68,0,34,0,0,0,0,0,0,0,0,0,0,0,45,43,58,77,28
2023-07-01,32,0,58,0,65,64,47,58,0,46,0,30,0,0,64,57,65,32,0,57,22,60,0,94,0,75,0,36,0,0,0,0,0,0,0,0,0,0,0,54,21,46,61,29
2023-08-01,30,0,59,0,64,56,44,61,0,45,0,33,0,0,69,51,69,32,0,43,26,51,0,74,0,70,0,27,0,0,0,0,0,0,0,0,0,0,0,49,29,58,73,37
2023-09-01,30,0,63,0,71,47,41,64,78,45,33,29,0,0,70,38,66,29,0,28,26,49,0,77,33,70,0,45,0,0,32,0,0,0,0,0,0,0,0,49,33,59,71,29
2023-10-01,29,0,63,0,74,48,45,73,0,56,0,28,0,0,71,53,74,29,0,29,29,52,0,70,0,70,0,55,0,0,0,0,0,0,0,0,0,0,0,49,38,62,74,26
2023-11-01,30,0,61,0,57,69,43,57,61,49,0,30,0,0,72,55,71,31,0,61,28,50,0,73,0,69,62,32,0,0,0,0,0,0,0,0,0,0,0,51,36,34,80,26
2023-12-01,35,0,82,0,64,80,42,65,0,45,0,32,0,0,59,53,89,33,0,52,31,57,0,74,0,76,0,43,0,0,0,0,0,0,0,0,0,0,0,50,14,23,54,24
2024-01-01,35,0,60,0,76,65,50,71,0,52,0,33,0,0,59,56,77,40,0,57,28,62,0,76,0,76,0,44,0,0,0,0,0,0,0,0,0,0,0,51,5,11,39,30
2024-02-01,35,0,57,0,68,58,43,80,0,50,36,33,0,68,56,54,70,41,0,31,24,72,0,97,0,78,0,0,0,0,0,0,0,0,0,0,0,0,0,53,3,13,22,26
2024-03-01,32,0,49,0,77,56,46,72,0,47,0,31,0,56,76,69,74,34,0,39,26,53,0,100,0,69,0,37,0,0,0,0,0,0,0,0,0,0,0,47,28,34,65,26
2024-04-01,29,0,47,0,73,62,50,48,60,51,0,31,80,56,88,68,74,34,0,38,27,48,0,77,0,68,0,36,0,0,43,0,0,0,0,0,0,0,0,52,46,43,81,26
2024-05-01,33,0,52,0,58,67,46,65,0,41,0,28,0,0,89,45,67,31,0,38,24,51,0,54,0,71,0,52,0,0,0,0,0,0,0,0,0,0,0,47,48,23,67,24
2024-06-01,36,0,57,0,63,81,50,75,0,39,0,28,0,0,82,39,75,33,0,28,29,49,0,67,0,77,0,30,0,0,0,0,0,0,0,0,0,0,0,44,25,22,55,21
2024-07-01,36,0,59,0,70,72,49,75,0,49,33,31,0,41,73,70,70,50,0,49,26,53,0,63,0,75,0,0,0,0,0,0,0,0,0,0,0,0,0,45,21,21,53,25
2024-08-01,34,0,58,0,66,52,50,73,54,47,0,30,0,0,76,51,71,49,0,27,27,50,0,64,0,81,0,40,0,0,0,0,0,0,0,0,0,0,0,46,33,27,60,30
2024-09-01,37,0,58,0,65,56,52,56,63,44,0,30,0,67,79,60,75,48,0,31,29,48,47,63,0,82,0,0,0,0,0,0,0,0,0,0,0,0,0,46,28,26,58,24
2024-10-01,34,0,56,0,69,66,49,63,0,51,0,29,0,46,84,66,75,47,40,27,33,47,0,61,0,73,0,39,0,0,0,0,0,0,0,0,100,0,0,45,24,37,56,23
2024-11-01,40,0,58,0,72,67,60,68,0,56,0,32,0,0,91,78,71,48,0,40,34,49,0,72,33,76,0,0,0,0,0,0,0,0,0,0,0,0,0,48,30,47,68,23
2024-12-01,41,0,100,0,79,71,63,71,0,49,0,37,0,62,77,74,98,61,46,37,32,57,0,72,0,95,90,56,0,0,0,0,0,0,0,0,0,0,0,51,11,26,47,23
2025-01-01,39,0,83,0,84,60,64,89,0,56,41,34,0,58,70,67,83,67,0,60,32,62,0,75,0,88,0,54,0,0,47,0,0,0,0,0,0,0,0,49,7,18,46,26
2025-02-01,36,0,75,0,90,81,54,100,0,59,0,33,100,0,63,59,82,49,0,48,30,67,0,76,0,85,0,48,0,0,50,0,0,0,0,0,0,0,0,50,10,24,41,26
2025-03-01,31,0,72,0,76,82,55,86,0,56,37,31,0,74,86,67,82,41,0,0,33,48,0,40,0,87,0,0,0,0,0,0,0,100,0,0,0,0,0,47,24,32,66,27
2025-04-01,33,0,67,0,77,78,63,64,63,57,0,34,0,0,100,65,80,44,0,42,30,44,46,41,50,80,0,37,0,0,0,0,0,0,0,0,0,0,0,53,36,29,71,25
2025-05-01,34,0,74,0,84,74,80,99,0,58,61,31,0,0,94,44,82,49,0,70,33,50,51,45,76,87,0,48,0,100,61,0,0,0,0,0,0,0,0,47,36,28,61,23
2025-06-01,35,0,84,100,83,100,100,78,61,81,64,37,0,100,92,84,88,100,93,100,38,49,84,58,100,100,85,57,0,0,100,100,0,0,0,0,0,0,0,46,23,32,55,22
2025-07-01,33,0,76,0,77,64,57,76,0,48,0,34,86,48,83,53,85,42,0,58,30,50,0,40,0,85,0,34,0,0,0,0,0,0,0,0,0,0,0,49,21,34,53,25
2025-08-01,34,0,66,0,79,53,51,69,0,48,0,33,0,0,83,58,79,37,0,31,28,50,0,39,0,77,0,52,0,0,0,0,0,0,0,0,0,0,0,49,21,41,59,30
2025-09-01,33,0,70,0,86,98,50,60,0,59,0,29,0,0,82,67,78,33,0,36,27,43,0,36,0,79,0,34,0,0,0,68,0,0,0,0,0,0,0,50,28,29,56,21
2025-10-01,33,0,71,0,81,99,61,54,0,77,44,32,0,56,88,64,85,31,39,59,34,44,0,42,0,82,0,38,0,0,41,61,0,0,0,0,0,0,0,48,28,34,61,21
