date,/m/01q82,/g/1211cg58,/m/012_3l,/m/0gfps3,/g/11gbfbpzht,/m/02v_8dy,/m/09jx2,/m/04n7dpf,/m/0g_fl,/m/01rd35,/m/016ldw,/g/11cks2gbc8,/m/0cvgr,/m/06bmj_x,/m/06lry,/m/0hbm6,/m/0drqp,/m/014dsx,/m/07s_c,/g/11bc57hf91,/m/01tzw5,/m/018m33,/g/121g16mn,/g/1216wtvp,/m/088p1q,/g/1236svz8,/m/0pb8nv_,/m/02r5p3,/m/05457c,/m/0218w7,/g/11w4h00ll9,/m/06bmj_y,/m/026gdg4,/m/09y23_,/m/01s_5,/m/01cf44,/m/0545k,/m/01cf0p,/m/0cs24,/m/0z_xz,/m/0d130,/m/0hdyy,/m/011d_9rh,/m/04sng5,/m/0hhw8xd,/m/05nxj0,/m/0c40cq0,/m/06njd,/m/081zw_,/m/02vtq7g,/m/091tvr,/m/02r49f,/m/01406c,/m/04f0h,/m/020d7_,/g/1213tqm6,/m/0h7q5bz,/m/025t20m,/m/042px7,/m/017l39,/g/11cp7w3r6w,/g/11fsrblbyd,/m/03nw7w,/g/11lc9ltvgb,/g/11s7rb01fr,/g/120lq987,/m/079gm,/g/1q582vwlz,/g/120jfhdm_x,/m/032pvq,/m/033wy6,/g/11ln3kjm27,/g/11b651vsw1,/m/0nfn,/m/02wwvy,/m/02fq2b,/m/02jnsq,/g/11g6qj7lt6,/m/085n4,/g/11j8qrghwl,/m/02p2c9s,/g/11jg330g0l,/m/02jjns,/m/02w88k,/m/05kp2c,/m/01y3d8,/g/121jnq1m,/g/120jfhdm_y,/m/0p6bb,/m/018nf6,/m/09s5j9,/m/08f4gj,/m/0bg2p,/g/11c6tyq7nc,/g/11c2688p8j,/m/0ffnx,/m/02ywd,/g/11dxd44r6v,/m/04g3r,/m/06l8d,/m/09j2d,/m/0c_jw,/m/01l0mw,/m/06b49c,/g/11j8qrq5f4,/m/022hpx,/m/03glg,/m/0204sn,/g/11s7rbxtb8,/g/11g6qjtysh,/g/11h37v75l4,/m/02gsv,/m/0f3yyn,/m/079k8t,/m/03ggzf,/m/01hbs0,/m/01fss9,/m/018ct4,/m/029hyv,/m/02mnx9,/g/11bz0yd_jf,/m/01fp90,/g/1q6h_chms,/m/033gpp,/m/04g_71,/m/035czb,/m/04115t2,/g/120t97td,/g/11g_xxld32,/g/121hdyly,/m/02887sv,/g/11kbll0jmc,/g/11hdw7wpyv,/g/11j317sfyk,/g/11fsrbrqgk,/m/05y7_j,/m/01wq4b,/m/04qsq,/m/0_gyn88,/m/04rsd,/m/047m52,/m/05xxpj,/m/05zd8,/m/02vkbbf,/m/01fsrg,/m/014xsg,/m/0272pyx,/m/0f0jq,/m/0hkst,/m/05y_5p,/g/1235w5lb,/g/11j8qrbycd,/m/0968r1,/g/1213vf80,/m/025t89b,/m/05xxpw,/g/11c6t_253c,/m/0462swg,/g/12twkjsql,/g/11j317hdsz,/g/11c6t_549p,/g/11j317n2h0,/g/11fsrbpz7j,/g/11h4f8vzqz,/g/121lmsp6,/g/11g0kd3ygw
2012-01-01,54,0,77,53,46,0,15,26,68,55,0,0,0,59,28,64,99,57,22,0,0,55,0,0,22,0,0,0,0,0,0,59,0,0,12,0,54,0,0,69,0,0,63,0,0,0,0,0,0,0,0,0,0,0,0,0,0,0,0,0,0,0,76,0,0,0,0,0,0,0,0,0,0,0,7,77,0,0,26,0,0,0,0,37,0,0,74,0,0,0,21,0,87,0,0,8,1,0,20,23,59,62,86,0,0,60,35,47,0,0,0,50,0,0,44,0,68,0,0,0,0,0,0,0,0,0,61,0,0,0,0,0,0,0,0,64,58,31,0,0,3,42,25,0,0,12,0,0,46,0,1,0,22,0,0,0,0,0,0,0,0,0,0,0,0,0
2012-02-01,92,0,88,63,52,0,24,33,60,50,0,0,0,100,25,52,100,56,31,0,0,74,0,0,24,0,0,0,0,0,0,100,0,0,16,0,0,0,0,83,0,0,100,61,0,0,0,0,0,0,0,0,0,0,0,0,0,0,0,0,0,0,65,0,0,0,0,0,0,0,0,0,0,0,6,80,0,0,24,0,0,0,0,34,0,0,72,0,0,0,23,0,76,0,0,7,1,0,15,22,62,57,91,0,0,31,30,47,0,0,0,30,0,0,0,0,100,0,0,0,0,0,0,0,0,0,62,0,0,0,0,0,0,0,0,76,88,0,100,0,3,47,65,0,0,16,0,0,67,0,2,0,22,80,0,0,0,0,0,0,0,0,0,0,0,0
2012-03-01,100,0,69,52,45,0,24,34,51,57,0,0,0,0,20,66,92,56,26,0,0,87,0,0,27,0,0,0,0,0,0,0,0,0,10,0,48,0,0,75,0,0,41,0,0,0,0,0,0,0,0,0,0,0,0,0,0,0,0,0,0,0,56,100,0,0,0,0,0,0,0,0,0,0,5,70,0,0,25,0,0,0,0,29,0,0,69,0,0,0,26,0,85,0,0,13,1,0,24,20,58,68,86,42,0,37,47,50,0,0,0,36,0,0,0,0,0,0,0,0,0,0,0,0,0,23,52,0,0,0,0,0,0,0,0,80,63,0,0,0,3,48,38,0,0,10,0,0,39,0,1,0,23,0,0,0,0,0,0,0,0,0,0,0,0,0
2012-04-01,91,0,76,51,42,0,18,47,58,55,0,0,0,52,26,78,65,56,24,0,100,76,0,0,23,0,0,0,0,0,0,52,0,0,12,0,0,0,0,0,0,0,51,0,0,0,0,0,0,0,0,0,0,0,0,0,0,0,0,0,0,0,60,0,0,0,0,0,0,0,0,0,0,0,4,51,0,0,25,0,0,0,0,26,0,0,60,0,0,0,24,35,68,0,0,14,1,0,18,22,60,66,85,0,0,42,38,63,0,0,0,22,0,0,0,0,94,0,0,0,0,0,0,0,0,0,49,0,0,0,0,0,0,0,100,37,75,0,0,0,3,39,47,0,0,18,0,0,32,0,2,0,16,0,0,0,0,0,0,0,0,0,0,0,0,0
2012-05-01,91,0,77,61,44,0,22,41,58,56,0,0,0,36,28,72,68,58,30,0,0,72,0,0,26,0,0,0,0,0,0,36,0,0,11,0,0,0,0,0,0,0,51,63,100,0,0,0,0,0,0,0,0,0,0,0,0,0,0,0,0,0,76,0,0,0,0,0,0,0,0,0,0,0,6,66,0,0,26,0,0,0,0,33,0,0,71,0,0,0,24,0,92,0,0,10,1,0,16,18,64,72,87,0,0,43,35,62,0,0,0,42,0,0,0,0,72,0,0,0,0,0,0,0,0,28,58,0,0,0,0,0,0,0,0,45,75,0,0,40,3,53,39,0,0,25,0,0,52,0,2,0,29,59,0,0,0,0,0,0,0,0,0,0,0,0
2012-06-01,88,0,64,54,50,0,15,36,59,38,0,0,0,0,37,72,60,54,16,0,0,74,0,0,0,0,0,0,0,0,0,0,0,0,12,0,0,0,0,47,0,0,54,0,0,0,0,0,0,0,0,0,0,0,0,0,0,100,0,0,0,0,68,0,0,0,0,0,0,0,0,0,0,0,5,54,0,0,25,0,0,0,0,33,0,0,67,0,0,0,24,40,80,0,0,9,1,0,16,20,57,59,88,34,0,71,39,63,0,0,0,34,0,0,0,0,0,0,0,72,0,0,0,0,0,19,57,100,0,0,0,0,0,0,0,67,64,0,0,0,3,49,45,0,0,15,0,0,47,0,1,0,17,0,0,0,0,0,0,0,0,0,0,0,0,0
2012-07-01,68,0,65,51,53,0,20,39,54,44,0,0,0,0,47,63,56,51,22,0,0,69,0,0,18,0,0,0,0,0,0,0,0,0,11,0,0,0,0,0,0,0,46,0,0,0,0,0,0,0,0,0,0,0,0,0,0,0,0,0,0,0,77,0,0,0,0,0,0,0,0,0,0,0,5,68,0,0,24,0,0,0,0,29,0,0,65,0,0,0,26,0,82,0,0,10,1,0,17,22,60,62,84,0,0,50,33,48,0,0,0,24,0,0,0,0,0,0,0,0,0,0,0,0,100,20,56,0,0,0,0,0,0,0,0,68,37,27,0,0,3,59,27,0,0,15,85,0,41,0,2,0,34,92,0,0,0,0,0,0,0,0,0,0,0,0
2012-08-01,55,0,62,45,51,0,14,33,59,41,0,0,0,0,26,81,51,61,18,0,0,61,0,0,19,0,0,0,0,100,0,0,0,0,8,0,0,0,0,0,0,0,50,100,0,0,0,0,0,0,0,0,0,0,0,0,0,0,0,0,0,0,65,0,0,0,44,0,0,0,0,0,0,0,5,62,0,0,23,0,0,0,0,30,0,0,57,0,0,0,26,0,75,0,0,11,1,0,22,22,65,62,86,53,0,43,29,41,0,0,0,37,0,0,0,0,0,0,0,0,0,0,0,0,0,16,55,0,0,0,0,0,0,0,0,57,53,28,0,31,4,53,51,0,0,11,0,0,31,0,3,0,22,0,94,0,0,0,0,0,0,0,0,0,0,0
2012-09-01,58,0,55,43,53,0,13,36,54,0,0,0,0,0,36,74,81,58,21,0,0,60,0,0,0,0,0,0,0,0,0,0,0,0,8,0,0,0,0,0,0,0,43,0,0,0,0,0,0,0,0,0,0,0,0,0,0,0,0,0,0,0,64,0,0,0,0,0,0,0,0,0,0,0,8,54,0,0,24,0,0,0,0,32,0,0,63,0,0,0,24,0,77,0,0,9,1,0,15,22,62,67,87,0,0,54,27,56,0,0,0,31,0,0,0,0,67,0,0,0,72,0,0,0,0,0,62,0,0,0,0,0,0,0,0,51,49,47,0,0,4,55,44,0,0,13,0,0,27,0,3,0,18,0,0,0,0,0,0,0,0,0,0,0,0,0
2012-10-01,53,0,52,44,62,0,15,36,53,0,0,0,0,0,25,55,61,58,21,0,0,62,0,100,17,0,0,0,0,0,0,0,0,0,12,0,0,0,0,0,0,0,50,0,0,0,0,0,0,0,0,0,0,0,0,0,0,0,0,0,0,0,59,0,0,0,0,0,0,0,0,0,0,0,5,53,0,0,23,0,0,0,0,31,0,0,64,0,0,0,27,0,84,0,0,9,1,0,23,21,63,65,92,0,0,52,26,41,0,0,0,32,0,0,0,0,83,0,0,0,74,0,0,0,0,0,61,0,0,0,0,0,0,0,0,45,41,26,0,0,4,59,35,0,0,11,0,0,38,0,3,0,26,0,0,0,0,0,0,0,0,0,0,0,0,0
2012-11-01,55,0,84,48,49,100,15,39,59,0,0,0,0,0,40,55,44,59,34,90,0,59,0,0,13,0,0,0,0,0,0,0,0,0,14,0,0,0,0,44,0,0,53,0,0,0,0,0,0,0,0,0,0,0,0,0,0,0,0,0,0,0,100,0,0,0,0,0,0,0,0,0,0,0,3,52,0,0,21,0,0,0,0,31,0,0,64,0,0,0,25,48,85,0,0,9,1,100,18,23,66,68,84,29,0,50,34,46,0,0,0,47,0,0,0,0,0,0,0,0,0,0,0,0,0,0,59,0,0,0,0,0,0,0,0,53,77,35,0,0,4,57,31,0,0,17,0,0,36,0,2,0,25,63,0,0,0,0,0,0,0,0,0,0,0,0
2012-12-01,47,0,45,39,48,0,17,34,50,43,0,0,0,0,28,59,44,53,16,0,0,58,0,0,15,0,0,0,0,0,0,0,0,0,12,0,0,0,100,39,0,0,44,0,0,0,0,0,0,0,0,0,0,0,0,0,0,0,0,0,0,0,59,0,0,0,0,0,0,0,0,0,0,0,3,40,0,0,21,0,0,0,0,28,0,0,57,0,0,0,25,28,76,0,0,9,0,0,16,25,60,69,81,0,0,47,23,48,0,0,0,39,0,0,0,0,0,0,0,0,0,0,0,0,0,22,53,0,0,0,0,0,0,0,0,52,56,23,0,0,4,43,32,0,0,14,75,0,36,0,3,0,18,0,0,0,0,0,0,100,0,0,0,0,0,0
2013-01-01,76,0,72,48,52,0,21,40,60,52,0,0,0,0,29,68,38,59,34,0,86,62,0,0,34,0,0,0,0,0,0,0,0,0,11,0,0,31,64,0,0,0,51,0,0,0,0,0,0,0,0,0,0,0,0,0,0,0,0,0,0,0,85,0,0,100,38,0,0,0,0,0,0,0,5,49,0,0,22,0,0,0,0,30,0,0,64,0,0,0,27,0,86,0,0,9,1,0,14,25,58,58,88,0,0,44,30,50,0,0,0,46,85,0,71,94,0,0,0,0,62,61,0,99,0,15,62,0,0,0,0,0,0,0,0,61,72,0,0,0,3,48,52,0,0,14,63,0,40,0,5,0,19,47,0,0,0,0,0,0,0,0,0,0,0,0
2013-02-01,62,0,71,43,51,0,23,40,64,73,0,0,0,0,46,70,51,59,24,0,0,61,0,0,15,0,0,0,0,76,0,0,0,0,9,0,0,0,0,40,0,0,53,0,0,0,0,0,0,0,0,0,0,0,0,0,0,0,0,0,0,0,72,0,0,0,0,0,0,0,0,0,0,0,7,100,0,0,21,0,0,0,0,34,0,0,63,0,0,0,25,26,80,0,0,12,1,0,15,21,60,59,88,0,0,66,35,41,0,0,0,50,0,0,0,0,0,0,0,0,0,0,0,0,0,23,67,0,0,0,0,0,0,0,0,73,70,0,0,0,3,50,51,0,0,14,100,0,37,0,7,0,19,52,0,0,0,0,0,0,0,0,0,0,0,0
2013-03-01,46,0,76,45,57,0,20,41,60,48,0,0,0,28,33,61,42,59,24,0,0,62,0,0,12,0,0,0,0,0,0,28,0,0,10,0,0,0,0,52,0,0,72,0,0,0,0,0,0,0,0,0,0,0,0,0,0,0,0,0,0,0,66,0,0,0,0,0,0,0,0,0,0,0,4,80,0,0,21,0,0,0,0,32,44,0,68,0,0,0,28,37,82,0,100,17,1,0,16,21,63,65,92,27,0,64,39,42,0,0,0,29,0,0,0,0,0,0,0,0,57,0,0,0,0,14,62,0,0,0,0,0,0,0,0,70,87,27,0,0,4,46,47,0,0,13,0,0,37,0,6,0,17,68,0,0,0,0,100,0,0,0,0,0,0,0
2013-04-01,51,0,65,46,42,0,17,44,56,30,0,0,0,29,26,67,48,59,18,0,0,55,0,0,13,0,0,0,0,0,0,29,0,0,8,0,0,0,0,37,0,0,47,0,0,0,0,0,0,0,0,0,0,0,0,0,0,0,0,0,0,0,53,0,0,0,0,0,0,0,0,0,0,0,3,47,0,100,22,0,0,0,0,30,0,0,59,0,0,0,27,0,72,0,0,20,1,0,23,21,63,59,87,0,0,48,25,53,0,0,0,31,0,0,0,0,0,0,0,0,0,0,0,0,0,0,51,0,0,0,0,0,0,0,0,46,91,0,0,0,4,39,34,0,0,7,0,0,37,0,8,0,19,41,0,0,0,0,0,0,0,0,0,0,0,0
2013-05-01,60,0,68,52,50,0,26,42,58,56,0,0,0,42,39,80,56,56,24,0,0,58,0,0,22,0,0,0,0,0,0,42,0,0,11,0,37,0,0,46,0,95,52,0,0,0,0,0,0,0,0,0,0,0,0,0,0,0,0,0,0,0,65,0,0,0,0,0,0,0,0,0,0,0,5,51,0,0,19,0,0,0,0,29,0,0,65,0,0,0,28,35,75,0,0,20,1,0,10,23,63,59,84,0,0,53,27,46,0,0,0,27,0,0,0,0,0,0,0,0,0,65,0,0,0,21,60,0,0,0,0,0,0,0,0,66,84,0,0,20,4,48,41,0,0,12,61,65,43,0,10,0,26,63,0,0,0,0,0,0,0,0,0,0,0,0
2013-06-01,50,0,78,47,52,0,13,41,57,62,0,0,0,36,19,59,53,55,25,0,0,63,0,0,11,0,0,0,0,0,0,36,0,0,13,0,34,0,0,43,0,0,61,43,0,0,0,0,0,0,0,0,0,0,0,0,0,0,0,0,0,0,96,0,0,0,0,0,0,0,0,0,0,0,3,56,0,0,19,0,0,0,0,28,0,0,63,0,0,0,29,28,79,0,0,13,1,0,17,19,65,68,81,32,0,30,34,43,0,0,0,21,0,0,0,0,51,0,0,0,0,0,2,0,0,14,61,0,0,0,0,0,0,0,0,56,51,0,0,21,4,44,41,0,0,11,59,0,35,0,10,0,19,0,88,0,0,0,0,0,0,0,0,0,0,0
2013-07-01,56,0,82,45,53,0,18,42,59,55,0,0,0,0,26,48,46,59,23,0,0,65,0,0,7,0,0,0,0,0,0,0,0,0,12,0,64,0,0,43,0,0,59,42,0,0,0,0,0,0,0,0,0,78,0,0,0,0,0,0,0,0,71,0,0,0,34,0,0,0,0,0,0,0,4,55,0,0,20,0,0,0,0,31,36,0,68,0,0,0,27,27,74,0,0,9,1,0,16,22,63,59,83,24,0,53,25,36,0,0,0,24,0,0,0,0,0,0,0,0,54,0,1,0,0,20,62,0,0,0,0,0,0,0,0,37,53,29,0,19,4,57,31,0,0,9,0,0,44,0,10,0,13,50,0,0,0,0,0,0,0,0,0,0,0,0
2013-08-01,55,0,87,43,50,0,18,41,51,38,0,0,0,0,24,59,41,63,24,71,0,59,0,0,13,0,0,0,0,0,0,0,0,0,10,0,0,0,0,38,0,0,62,0,0,0,0,0,0,0,0,0,0,0,0,0,0,0,0,0,0,0,69,0,0,0,0,0,0,0,0,0,0,0,6,49,0,0,18,0,0,0,0,29,0,0,59,0,0,0,30,42,73,0,0,11,1,0,26,25,66,59,83,25,0,43,36,40,0,0,0,35,0,0,0,0,44,0,0,0,0,0,0,0,0,20,61,0,0,0,0,0,0,0,0,68,68,35,0,18,4,53,34,0,0,12,86,0,34,0,12,0,23,34,100,0,0,0,0,0,0,0,0,0,0,0
2013-09-01,62,0,58,46,48,0,19,37,54,54,0,0,0,0,31,58,46,59,10,0,0,66,0,0,11,0,0,0,0,0,0,0,0,0,9,0,31,0,0,52,0,0,48,0,0,0,0,0,0,0,0,0,0,0,0,0,0,0,0,0,0,100,74,0,0,0,0,0,0,0,0,0,0,0,11,48,0,0,18,0,0,0,0,32,48,0,67,0,0,0,29,27,75,0,0,10,1,0,16,23,60,74,82,45,0,53,23,38,0,0,0,36,0,0,0,0,43,0,0,0,0,0,0,0,0,19,65,0,0,0,0,0,0,0,0,79,70,23,0,20,4,56,43,0,0,11,75,0,39,0,9,0,19,41,0,0,0,0,0,0,0,0,0,0,0,0
2013-10-01,45,0,68,47,45,0,12,40,60,30,0,0,0,0,28,63,43,58,18,62,0,59,0,0,11,0,0,0,0,0,0,0,0,0,9,0,31,0,80,29,0,0,49,0,0,0,0,0,0,0,0,0,0,0,0,0,0,0,0,0,0,0,62,0,0,0,35,0,0,0,0,0,0,0,5,54,0,0,19,0,0,0,0,30,0,0,62,0,0,0,29,19,71,0,0,8,1,0,19,20,58,68,80,0,0,40,35,58,0,0,0,35,0,0,0,0,52,0,0,0,51,54,0,0,72,11,67,0,0,0,0,0,0,0,0,48,66,0,0,0,4,51,42,0,0,14,75,0,32,0,11,0,20,0,0,0,0,0,0,0,0,0,100,0,0,0
2013-11-01,41,0,65,41,44,0,15,37,56,26,0,0,0,0,28,69,38,62,20,65,0,63,0,0,9,0,0,0,0,0,0,0,0,0,9,0,35,17,0,0,0,0,44,0,0,0,0,0,0,0,0,0,0,0,0,0,0,0,0,0,0,96,53,0,0,0,0,0,0,0,0,0,0,0,4,56,0,0,18,0,0,0,0,33,34,0,68,0,0,0,31,32,70,0,0,10,1,0,20,22,61,76,80,30,0,53,37,43,0,0,0,31,0,0,0,79,0,0,0,0,49,0,0,0,0,11,65,0,0,0,0,0,0,0,0,37,54,29,0,18,5,52,61,0,0,11,59,0,38,0,14,0,26,51,0,0,0,0,0,0,0,0,0,0,0,0
2013-12-01,43,0,51,39,45,0,13,39,45,44,0,0,0,0,48,57,33,56,24,0,0,56,0,0,0,0,0,0,0,87,0,0,0,0,11,0,0,0,0,36,0,0,52,62,0,0,0,0,0,0,0,0,0,0,0,0,0,0,0,0,0,0,57,68,0,0,0,0,0,0,0,0,0,0,6,52,0,0,16,0,0,0,0,31,0,0,54,0,0,0,29,0,63,0,0,7,1,0,18,27,61,64,76,29,0,44,22,50,0,0,0,31,0,0,0,0,0,0,0,0,61,0,0,0,0,11,66,0,0,0,0,0,0,0,0,46,71,27,0,0,5,43,34,0,0,12,0,0,27,0,18,0,17,44,0,0,0,0,0,0,0,0,0,0,0,0
2014-01-01,47,0,64,41,55,0,16,47,54,39,0,0,0,26,39,71,32,60,23,0,0,56,0,0,0,0,0,0,0,0,0,26,0,0,12,0,29,21,0,0,0,0,55,50,0,0,0,0,0,80,0,100,0,57,0,0,0,0,0,0,0,0,68,0,0,0,0,0,0,0,0,0,0,0,6,56,0,0,17,0,0,0,0,36,33,0,65,0,0,0,30,24,72,0,0,9,1,0,17,26,60,61,81,0,0,67,28,41,0,0,0,41,0,0,0,0,52,0,0,0,0,0,0,0,0,14,73,0,0,0,0,0,0,0,0,51,66,40,0,0,5,50,33,0,0,9,98,0,41,0,18,0,25,52,60,0,0,0,0,0,0,0,0,0,0,0
2014-02-01,41,0,77,48,53,0,20,46,51,52,0,0,0,0,28,57,45,57,33,0,0,55,0,0,8,0,0,0,0,0,0,0,0,0,11,0,56,0,56,35,100,100,43,39,0,0,0,0,0,0,0,0,0,0,0,0,0,0,0,0,0,0,61,0,0,0,0,0,0,0,0,0,0,0,9,49,0,0,18,0,0,0,59,34,0,0,63,0,0,0,28,34,70,0,0,8,1,0,20,26,60,64,85,23,0,48,33,43,0,0,0,39,0,0,0,0,70,0,0,0,0,0,0,100,0,19,64,0,0,0,0,0,0,0,0,82,79,23,0,0,5,45,50,0,0,7,0,0,41,0,15,0,16,0,91,0,0,0,0,0,0,0,0,0,0,0
2014-03-01,35,0,59,42,52,0,20,42,49,57,0,0,0,0,39,59,32,56,19,0,0,50,0,0,6,0,0,0,0,0,0,0,0,0,8,0,0,0,0,43,69,0,45,0,0,0,0,0,0,0,0,0,0,0,0,0,0,0,0,0,0,0,62,0,0,0,35,0,0,0,0,0,0,0,24,52,0,0,17,0,0,0,0,31,0,0,62,0,0,0,30,27,68,0,0,5,1,0,22,23,61,65,84,33,0,46,39,56,0,0,0,29,0,0,0,0,42,0,0,0,63,0,1,0,0,21,65,0,0,0,0,0,0,0,0,59,69,29,0,0,5,47,40,0,0,10,0,0,42,0,15,0,27,50,0,0,0,0,0,0,0,0,0,0,0,0
2014-04-01,33,0,51,36,47,0,10,41,44,50,0,0,0,0,35,56,33,58,24,0,0,48,0,0,8,0,0,0,0,63,0,0,0,0,8,0,29,0,0,42,0,0,46,67,0,0,0,0,0,0,0,0,0,0,0,0,0,0,0,0,0,0,53,0,0,0,35,0,0,0,0,0,0,0,8,53,0,0,15,0,0,0,0,34,0,0,52,0,0,0,29,24,68,0,0,9,1,0,22,24,59,64,77,0,0,44,25,55,0,0,0,26,0,0,0,0,0,0,0,0,0,0,0,0,0,0,61,0,0,0,0,0,0,0,0,46,69,18,0,19,4,44,27,0,0,8,0,0,43,0,16,0,22,38,0,0,0,0,0,0,0,0,0,0,0,0
2014-05-01,40,0,67,45,55,0,15,46,49,68,0,0,0,0,25,59,36,58,34,65,52,46,0,0,8,0,0,0,0,0,0,0,0,0,10,0,27,0,0,44,0,0,53,50,0,0,0,0,0,0,0,0,0,0,0,0,0,0,0,0,0,0,66,0,0,0,32,0,0,0,0,0,0,0,6,58,0,0,16,0,0,0,0,35,0,0,61,0,0,0,31,33,63,0,0,8,1,0,18,24,63,57,83,24,0,52,30,72,0,0,0,34,0,0,0,0,0,0,0,0,0,0,0,83,0,10,73,0,0,0,0,0,0,0,0,73,74,21,0,0,4,55,36,0,0,13,57,0,43,0,16,0,17,54,0,0,0,0,0,0,0,0,0,0,0,0
2014-06-01,38,0,71,44,53,0,16,53,47,53,89,0,0,0,29,64,39,55,22,0,0,47,0,0,11,0,0,0,0,0,0,0,0,0,11,0,30,0,0,33,0,0,54,45,0,0,0,0,0,0,0,0,0,57,0,0,0,0,0,0,0,0,69,0,0,0,0,0,0,0,0,0,0,0,3,57,0,0,16,0,0,0,0,33,0,0,59,0,0,0,30,30,65,0,0,8,1,0,25,23,63,62,79,24,0,51,31,48,0,0,0,27,0,0,0,0,42,0,0,0,0,47,0,0,0,12,71,0,0,0,0,0,0,0,0,48,77,36,0,0,5,59,33,0,0,10,52,0,45,0,16,0,19,48,0,0,0,0,0,0,0,0,0,0,0,0
2014-07-01,37,0,82,44,47,0,20,53,48,29,0,0,0,0,42,53,45,56,26,69,0,48,0,0,7,0,0,0,0,0,0,0,0,0,9,0,28,0,0,36,0,0,44,40,0,0,0,0,0,0,0,0,0,0,0,0,0,0,0,0,0,0,60,0,0,0,32,0,0,0,0,0,0,0,5,56,0,0,15,0,0,0,0,34,0,0,59,0,0,0,32,27,64,0,0,7,1,0,17,27,63,60,81,35,0,51,27,55,0,0,0,26,62,0,0,0,37,0,0,0,0,0,0,0,0,21,71,0,0,0,0,0,0,0,0,43,71,30,0,40,5,50,34,0,0,9,0,0,44,0,15,0,21,61,0,0,0,0,0,0,0,0,0,0,0,0
2014-08-01,40,0,71,44,47,0,15,45,51,31,72,0,0,27,47,54,46,56,25,0,0,51,0,0,0,0,0,0,0,75,0,27,0,35,10,0,28,14,0,28,0,0,54,49,0,0,0,0,0,0,0,0,0,0,53,0,0,0,0,0,0,0,73,0,0,0,26,0,0,0,0,0,0,0,7,48,43,0,16,0,0,0,0,33,0,0,55,0,100,0,33,0,63,0,0,9,1,0,17,27,61,61,77,25,0,39,18,53,0,0,0,20,64,0,0,0,0,0,0,39,64,0,0,0,0,11,61,0,0,0,0,0,0,0,0,44,45,31,0,14,5,53,38,0,0,11,58,0,47,0,18,0,21,57,47,0,0,0,0,0,0,0,0,0,0,0
2014-09-01,40,0,71,47,46,0,14,49,52,47,0,0,0,23,29,77,48,58,17,53,0,51,0,0,9,0,0,0,0,0,0,23,0,0,11,0,0,0,0,0,0,0,64,49,0,0,0,0,0,0,0,0,0,0,0,0,0,0,0,0,0,0,70,0,0,0,42,0,0,0,0,0,0,0,5,67,0,0,15,0,0,0,0,35,31,0,59,0,0,0,37,0,66,0,0,9,1,0,14,23,61,68,81,25,100,55,29,49,0,0,0,30,0,0,0,0,0,0,0,0,0,0,0,0,56,15,70,0,0,100,0,0,100,0,0,56,46,26,0,22,5,56,60,0,0,9,61,0,34,0,22,0,27,57,49,96,0,0,0,0,0,0,0,0,0,0
2014-10-01,35,0,47,39,39,0,12,54,49,36,0,0,0,0,25,57,44,58,24,62,0,47,0,0,8,0,0,0,0,0,0,0,0,0,9,0,0,0,53,36,0,0,52,39,0,0,0,0,0,0,0,0,0,0,0,0,0,0,0,0,0,0,65,0,0,71,37,0,0,0,0,0,0,0,5,64,0,0,14,0,0,0,0,37,0,62,56,0,0,0,34,27,64,0,0,12,1,0,23,25,63,77,84,35,0,38,35,53,0,0,0,30,0,0,0,67,0,0,0,0,56,0,0,0,0,13,69,0,0,0,0,0,0,0,0,58,46,0,0,20,6,52,41,0,0,10,67,0,37,0,30,0,23,48,56,69,0,0,0,0,0,0,0,0,0,0
2014-11-01,35,0,67,41,40,0,12,52,52,49,76,0,0,23,28,66,47,58,27,0,72,50,0,0,7,0,0,0,0,0,0,23,0,0,12,0,30,15,56,46,0,0,56,0,0,0,0,0,0,76,0,0,0,46,0,0,0,0,0,0,0,0,63,0,0,0,27,0,0,0,0,0,0,0,14,66,0,0,14,0,0,0,0,38,0,0,56,0,0,0,33,17,61,0,0,10,1,0,18,26,68,64,84,18,0,52,29,54,0,0,0,30,60,0,0,0,0,0,0,0,46,0,0,0,62,17,67,0,0,0,0,0,0,0,0,52,100,31,0,31,5,56,34,0,0,11,53,0,32,0,30,0,21,36,48,0,0,0,0,0,0,0,0,0,0,0
2014-12-01,31,0,48,34,36,0,12,39,41,42,0,0,0,0,33,47,37,53,19,72,0,49,0,0,6,0,0,0,0,0,0,0,0,0,11,0,44,0,0,25,0,0,42,0,0,0,0,0,0,100,0,0,0,0,0,0,0,0,0,0,0,0,42,0,0,0,23,0,0,0,0,0,0,0,13,60,0,0,15,0,0,0,0,29,37,0,51,0,0,0,34,20,56,0,0,7,1,0,14,29,61,59,79,20,0,45,18,43,0,0,0,28,0,0,0,0,0,0,0,0,0,0,0,0,0,11,59,0,0,0,0,0,0,0,0,40,49,29,0,25,6,47,49,0,0,7,0,0,29,0,32,0,20,35,0,0,0,0,0,0,100,0,0,0,0,0
2015-01-01,36,0,54,37,34,0,12,45,41,29,100,0,0,20,31,62,43,55,19,0,0,53,0,0,6,0,0,0,0,0,0,20,0,0,8,0,34,0,0,33,0,0,33,0,0,0,0,0,0,0,0,0,0,0,0,0,0,0,0,0,0,0,51,0,0,0,0,0,0,0,0,0,0,0,18,59,0,0,14,0,0,0,0,32,37,0,54,0,0,0,34,0,56,0,0,7,1,0,13,28,55,54,77,24,0,52,23,36,0,0,0,39,0,0,0,0,46,0,0,0,42,41,0,0,0,9,65,0,0,0,0,0,0,0,0,49,60,0,0,21,6,48,29,0,0,9,45,0,35,0,32,0,24,34,0,0,0,0,0,0,0,0,0,0,0,0
2015-02-01,37,0,41,35,35,0,13,56,46,53,0,0,69,0,22,56,43,60,15,0,57,52,0,0,15,0,0,0,0,0,0,0,0,0,8,0,0,17,0,40,0,0,38,0,0,0,0,0,0,0,0,0,0,0,0,0,0,0,0,0,0,0,52,0,0,0,24,0,0,0,0,0,0,0,6,59,0,0,12,0,0,0,0,36,37,0,56,0,0,0,31,25,57,0,0,9,1,0,19,28,61,64,79,23,0,48,35,41,0,0,0,27,0,0,0,0,32,0,0,0,69,55,0,0,0,0,72,0,0,0,0,0,0,0,0,62,65,31,0,24,5,51,31,0,0,7,52,0,32,0,32,0,25,53,0,0,0,0,0,0,0,0,0,0,0,0
2015-03-01,65,0,44,38,37,0,14,55,53,37,73,0,0,0,52,63,31,60,17,0,57,52,0,0,0,0,0,0,0,64,0,0,0,0,10,0,36,15,0,26,52,0,42,38,0,0,0,0,0,0,0,0,0,42,51,100,0,0,0,0,0,0,67,0,0,0,0,0,0,0,0,0,0,0,4,45,0,0,12,0,0,0,0,32,30,59,57,0,0,0,32,42,63,0,0,9,1,0,20,28,64,79,88,28,0,33,48,50,0,0,0,20,0,0,0,84,46,0,0,0,46,80,0,0,0,14,73,0,0,0,0,0,0,0,0,69,79,24,0,37,6,46,33,0,0,10,41,0,36,0,34,0,25,0,45,0,0,0,0,0,0,0,0,0,0,0
2015-04-01,64,0,58,38,33,0,13,53,45,42,0,0,0,22,26,58,35,65,17,65,0,48,0,0,0,0,0,0,0,50,100,22,0,0,9,0,27,22,0,27,67,0,33,0,0,0,0,0,100,0,0,0,0,0,0,0,0,0,0,0,0,0,65,0,0,0,0,0,0,0,0,0,0,0,6,42,0,0,13,0,0,0,0,32,29,0,48,0,0,0,34,29,54,0,0,9,1,0,20,27,64,68,87,28,0,29,29,42,0,0,0,25,0,0,0,0,0,0,0,0,0,0,0,0,0,0,72,0,0,0,100,0,0,0,0,48,44,0,0,17,6,44,20,0,0,10,0,0,29,0,37,0,23,45,54,0,0,0,0,0,0,100,0,0,0,0
2015-05-01,38,0,44,38,34,0,15,43,46,42,0,0,0,0,27,54,33,58,23,0,61,48,0,0,0,0,0,0,0,0,0,0,0,0,12,0,29,20,47,31,69,0,42,42,0,0,0,0,0,0,0,0,0,51,0,0,0,0,0,0,0,0,57,0,0,0,29,0,0,0,0,0,0,0,6,42,0,0,13,0,0,0,0,34,0,0,55,0,0,0,50,22,61,0,0,7,1,0,16,26,68,57,91,44,0,43,34,49,0,0,0,21,0,0,0,0,30,0,0,0,0,51,0,0,0,10,75,74,0,0,0,0,0,0,0,54,51,25,0,17,7,50,32,0,0,8,62,0,38,0,33,0,21,75,80,0,0,0,0,0,0,0,0,0,0,0
2015-06-01,39,0,61,38,39,0,12,42,44,38,0,0,66,17,34,56,32,59,16,0,53,54,0,0,7,0,0,0,0,43,0,17,0,0,12,0,38,15,51,35,78,0,39,0,0,0,0,0,0,0,0,0,0,0,63,0,0,0,0,0,0,0,53,0,0,0,21,0,0,0,0,0,0,0,6,55,0,0,13,0,0,0,0,36,46,0,55,0,0,0,46,40,57,0,0,7,1,0,21,26,64,65,92,16,0,43,29,54,0,0,0,21,0,0,0,0,39,0,0,0,37,59,0,0,68,12,77,0,0,0,0,0,0,0,0,81,84,28,0,22,6,58,38,0,0,10,42,0,38,0,32,0,19,48,0,0,0,0,0,0,0,0,0,0,0,0
2015-07-01,34,0,57,37,37,0,11,40,43,38,0,0,62,0,27,48,32,60,16,0,42,46,0,0,10,0,0,0,0,41,0,0,0,0,8,0,41,13,37,34,56,0,41,0,40,0,0,0,0,0,0,0,0,57,0,0,0,0,0,0,0,0,62,0,0,0,23,0,0,0,0,0,0,0,19,53,0,0,12,0,0,0,0,36,26,0,52,0,0,0,39,28,54,0,0,9,1,0,19,29,67,62,84,28,0,48,33,41,0,0,0,18,0,45,0,0,0,0,0,0,34,34,0,0,0,13,68,0,0,0,0,0,0,0,0,48,56,25,0,17,6,46,30,0,0,9,0,0,33,0,35,0,19,26,40,0,0,0,0,0,0,0,0,0,0,0
2015-08-01,36,0,57,37,33,0,12,36,44,28,0,0,0,0,48,49,45,62,11,59,0,48,0,0,12,0,0,0,0,37,0,0,0,31,10,0,19,0,0,0,53,59,32,0,0,0,0,0,0,0,0,0,0,0,0,0,0,0,0,94,0,0,46,0,0,0,22,0,0,0,0,0,0,0,60,50,0,0,12,0,0,0,0,30,22,0,53,0,0,0,37,24,54,0,0,7,1,0,19,32,62,60,85,28,0,38,23,45,0,0,0,21,55,0,0,0,26,0,0,0,0,0,0,70,0,11,62,0,0,0,0,0,0,0,0,43,82,18,0,13,7,49,32,0,0,9,0,0,32,0,37,0,22,48,0,0,0,0,0,0,0,0,0,0,0,0
2015-09-01,44,0,57,39,35,0,11,44,41,31,0,0,0,22,29,61,48,59,20,45,47,67,0,0,16,0,0,0,0,47,0,22,0,0,9,0,44,11,57,20,0,0,34,29,0,0,0,0,0,0,0,0,0,0,0,0,0,0,0,100,0,0,53,0,0,0,20,0,0,0,0,0,0,0,7,48,0,0,12,0,0,0,0,37,0,0,53,0,0,0,37,43,57,0,0,8,1,0,15,30,60,62,85,30,0,52,28,51,0,0,0,25,0,0,0,0,0,0,0,0,31,0,0,0,0,11,77,0,0,0,0,0,0,0,0,62,91,22,0,14,6,50,27,0,0,13,0,0,41,0,36,0,19,35,79,0,0,0,0,0,0,0,0,0,0,0
2015-10-01,40,0,58,39,32,0,16,45,45,48,0,0,0,16,31,63,36,59,19,0,50,54,0,0,8,0,0,0,0,0,0,16,0,19,10,0,37,0,50,30,0,54,37,0,0,0,0,0,0,0,0,0,0,78,0,0,0,0,0,0,0,0,54,0,0,0,19,0,0,0,0,0,0,0,4,49,0,50,11,0,0,0,0,35,39,0,54,0,0,0,37,22,52,0,0,9,1,0,14,28,61,65,95,16,0,46,38,55,0,0,0,27,0,40,0,0,36,0,0,0,42,32,0,0,0,13,77,0,0,0,0,0,0,0,0,57,64,23,0,14,7,56,30,0,0,10,38,0,38,0,38,0,18,48,55,0,0,0,0,0,0,0,0,0,0,0
2015-11-01,34,0,46,36,32,0,12,42,43,41,0,0,0,0,28,53,34,57,21,0,0,47,0,0,5,0,0,0,0,37,0,0,0,0,12,46,41,11,0,47,55,0,34,26,0,0,0,0,0,0,0,0,0,0,64,0,0,0,0,0,0,0,55,0,0,0,20,0,0,0,0,0,0,0,5,46,0,41,12,0,0,0,0,33,0,0,55,0,0,0,35,32,49,0,0,9,1,0,19,28,62,74,95,34,0,43,41,55,0,0,0,21,69,0,0,0,28,0,0,0,50,0,0,0,0,11,77,0,0,0,0,0,0,0,0,53,55,25,0,16,8,50,27,0,0,11,68,0,42,0,39,0,24,41,0,0,0,0,0,0,0,0,0,0,0,0
2015-12-01,30,0,40,33,31,0,10,42,41,39,0,0,0,0,30,50,25,62,21,0,49,49,0,0,7,0,0,0,0,0,0,0,0,0,12,0,41,0,0,32,0,0,34,0,0,0,0,0,0,0,0,0,0,0,0,0,0,0,0,0,0,0,50,0,0,0,28,0,0,0,0,0,0,100,5,51,0,0,11,0,0,0,0,33,0,0,48,0,0,0,36,24,56,0,0,5,1,0,20,37,69,81,89,35,0,51,29,65,0,0,0,29,0,0,0,57,0,0,0,0,45,0,0,65,43,9,73,0,0,0,0,0,0,0,0,39,71,24,0,0,8,52,28,0,0,10,64,0,29,0,49,0,24,33,0,0,0,0,0,0,0,0,0,0,0,0
2016-01-01,41,0,52,41,30,0,9,37,41,32,0,0,0,15,38,54,41,60,19,0,0,41,0,0,7,0,0,0,0,0,0,15,0,0,10,0,18,11,0,38,0,0,36,0,0,0,0,0,0,0,0,0,70,0,0,0,0,0,0,0,0,0,54,0,0,0,21,0,0,0,0,0,0,0,7,41,0,0,10,0,0,0,0,38,33,0,53,0,0,0,30,34,48,0,0,7,1,0,15,34,70,60,86,31,0,56,25,49,0,0,0,32,0,0,0,0,37,0,0,0,38,0,0,50,42,11,75,0,0,0,0,0,0,0,0,58,81,22,0,24,5,50,27,0,0,9,42,0,34,0,39,0,24,39,61,0,0,0,0,0,0,0,0,0,0,0
2016-02-01,33,0,53,38,30,0,13,39,41,41,0,0,0,0,31,46,28,59,22,44,0,48,0,0,6,0,0,0,0,0,0,0,0,0,10,60,35,0,34,35,0,0,32,0,0,0,0,0,0,0,0,0,0,0,0,0,0,0,0,0,0,0,60,0,0,0,25,0,0,0,0,0,0,0,6,39,0,0,10,0,0,0,0,39,0,0,52,0,0,0,29,28,47,0,0,9,1,0,18,31,64,60,94,20,0,53,34,49,0,0,0,25,0,0,0,0,43,0,0,0,54,0,0,0,0,10,71,0,0,0,0,0,0,0,0,37,78,35,0,21,7,55,23,0,0,8,0,0,33,0,39,0,20,44,72,0,0,0,0,0,0,0,0,0,0,0
2016-03-01,36,0,53,40,32,0,16,40,35,46,0,0,0,14,33,52,28,57,18,0,0,40,0,0,10,0,0,0,0,0,0,14,0,0,11,0,27,12,0,56,51,0,33,0,0,0,0,0,0,0,0,0,0,0,0,0,0,0,0,0,0,0,49,0,0,0,32,0,0,0,0,0,0,0,5,39,0,0,10,0,0,0,100,36,21,47,49,0,0,94,28,16,46,0,0,6,1,0,19,37,61,64,88,20,0,36,37,45,0,0,0,23,0,0,0,0,0,0,0,0,42,0,0,0,0,19,69,0,0,0,0,0,0,0,0,69,67,20,0,20,7,49,30,0,0,11,45,0,36,0,47,0,25,50,37,0,0,0,0,0,0,0,0,0,0,0
2016-04-01,38,0,53,33,28,0,13,46,37,37,0,0,0,24,28,55,25,61,24,0,0,45,0,0,5,0,0,0,0,36,0,24,0,0,10,0,26,12,0,29,0,0,33,0,0,0,0,0,0,0,0,0,0,0,47,0,0,0,0,0,0,0,43,0,0,0,29,0,0,0,0,0,0,0,6,40,0,0,10,0,0,0,0,34,27,0,45,0,98,0,27,31,47,0,0,5,0,0,27,32,65,66,90,25,0,51,22,38,0,0,0,25,0,0,0,72,30,0,0,0,66,38,0,0,46,0,61,0,0,0,0,0,0,0,0,38,83,22,0,14,8,33,24,0,0,10,40,0,38,0,43,0,18,35,42,54,0,0,0,0,0,0,0,0,0,0
2016-05-01,40,0,70,43,32,0,14,48,47,39,0,0,0,19,34,56,33,55,22,76,35,39,0,0,0,0,0,0,0,37,0,19,0,0,15,0,28,10,64,38,0,0,43,26,0,0,0,0,0,0,0,0,0,0,44,0,0,0,0,0,0,0,51,0,0,0,47,0,0,100,0,0,0,0,8,37,0,0,10,0,0,0,23,38,46,0,56,0,0,0,32,25,50,0,0,8,1,0,14,28,65,69,83,23,0,65,33,86,0,0,0,23,0,0,0,53,58,0,0,0,46,38,0,0,0,15,68,0,0,0,0,0,0,0,0,55,59,34,0,29,8,46,43,0,0,12,61,36,47,0,34,0,16,60,84,0,0,0,0,0,0,0,0,0,0,0
2016-06-01,38,0,62,45,31,0,12,49,44,45,0,0,0,15,47,58,42,59,20,0,45,45,0,0,5,0,0,0,0,51,0,15,0,0,9,0,45,14,43,40,0,0,43,0,0,0,0,0,0,0,0,0,0,0,0,0,0,0,0,0,0,0,61,0,0,0,26,0,0,0,0,0,0,0,7,53,0,0,10,0,100,0,61,37,41,79,55,0,0,0,34,28,56,0,0,7,1,0,18,28,76,62,95,33,0,59,34,59,0,0,0,19,0,47,0,61,29,0,0,0,37,32,0,0,46,15,77,0,0,0,0,0,0,0,0,42,85,26,0,17,8,50,36,0,0,17,65,0,43,0,34,0,19,49,47,0,0,0,0,0,0,0,0,0,0,0
2016-07-01,35,0,56,38,30,0,13,44,35,34,67,0,96,20,31,51,26,58,18,41,0,40,0,0,5,0,0,0,0,0,0,20,0,0,8,0,26,14,42,29,52,0,33,0,0,0,0,0,0,0,0,0,0,0,0,0,0,0,0,0,0,0,46,0,0,0,20,0,0,0,0,0,0,0,4,44,0,0,9,0,0,0,0,32,0,0,46,0,0,0,29,31,50,0,0,7,1,0,18,31,65,57,84,30,0,53,27,45,0,0,0,21,0,0,17,0,29,0,0,0,48,0,1,0,0,15,66,0,0,0,0,0,0,0,0,48,58,24,0,29,7,52,33,0,0,13,60,0,31,0,36,0,19,41,34,0,0,0,0,0,0,0,0,0,0,0
2016-08-01,30,0,53,34,29,0,9,45,33,26,55,0,0,0,36,45,24,59,11,0,31,37,0,0,7,0,0,0,0,0,0,0,0,24,8,0,0,9,34,23,0,0,26,0,0,0,0,0,0,0,0,0,0,0,0,0,0,0,0,0,0,0,50,0,0,0,23,0,0,0,0,0,0,0,3,39,0,0,10,0,0,0,0,31,40,0,46,0,0,0,29,27,48,0,0,6,0,0,19,31,61,53,100,21,0,51,30,42,0,0,0,18,50,42,0,58,0,0,0,0,59,0,0,0,0,8,67,0,0,0,0,0,0,0,0,44,41,28,0,18,7,53,25,0,0,12,47,0,30,0,42,0,21,19,39,0,0,0,0,0,0,0,0,0,0,0
2016-09-01,35,0,56,35,28,0,16,45,38,42,51,0,0,0,34,50,25,64,15,43,41,37,0,0,5,0,0,0,0,0,0,0,0,0,9,0,21,17,35,33,0,0,43,28,0,0,0,0,0,0,0,0,0,0,0,0,0,0,0,0,0,0,47,0,0,0,41,0,0,0,0,0,0,0,5,47,0,0,10,0,0,0,0,33,35,47,45,0,0,0,30,24,46,0,0,6,0,0,20,30,66,62,97,13,0,43,37,40,0,0,0,21,0,46,0,61,26,0,19,0,40,31,1,0,0,15,73,0,0,0,0,0,0,0,0,45,55,21,0,26,7,56,32,0,0,14,76,0,38,0,42,0,20,29,35,46,0,0,0,0,0,0,0,0,0,0
2016-10-01,32,0,49,31,30,0,14,41,36,61,0,0,0,25,22,60,23,57,16,0,32,34,0,0,5,0,0,0,0,34,0,25,0,0,13,0,27,15,0,43,0,0,37,0,0,0,0,0,0,0,0,0,0,0,68,0,0,0,0,0,0,0,46,0,0,0,31,0,0,0,0,0,0,0,5,38,0,0,9,0,0,0,0,31,25,0,48,0,0,0,29,38,48,0,0,6,0,0,19,29,64,57,93,31,0,47,31,55,0,0,0,19,0,0,0,0,47,0,0,0,53,0,0,0,38,15,71,0,0,0,0,0,0,0,0,48,58,19,0,22,7,50,27,0,0,11,54,0,47,0,38,0,18,38,49,0,0,0,0,0,0,0,0,0,0,0
2016-11-01,37,0,23,30,3,0,11,27,38,42,0,0,0,0,32,63,32,59,20,0,0,28,0,0,4,0,0,0,0,0,0,0,0,18,11,0,48,0,30,100,0,0,8,0,0,0,0,0,0,0,0,0,0,0,0,0,0,0,0,88,0,0,50,0,0,0,18,0,0,0,0,0,0,0,6,42,0,0,9,0,0,0,33,37,31,63,5,0,0,0,27,25,46,0,0,10,1,0,21,31,60,58,27,27,0,19,41,45,0,0,0,28,66,35,0,0,0,0,0,0,0,42,0,0,66,0,70,0,0,0,0,0,0,0,0,49,59,33,0,16,7,52,10,0,98,3,30,0,45,0,3,0,5,0,72,0,0,0,0,0,0,0,0,0,0,0
2016-12-01,33,0,23,27,0,0,10,21,37,31,0,0,45,20,28,60,25,70,17,0,0,26,0,0,7,0,0,0,0,0,0,20,0,21,10,0,24,0,0,44,0,0,7,0,0,0,0,0,0,0,0,0,0,0,0,0,0,0,0,0,0,0,43,0,0,0,0,0,0,0,0,0,0,0,3,40,0,0,10,0,0,0,0,33,25,0,0,0,0,0,28,27,41,0,0,7,1,0,19,39,60,50,25,33,0,25,29,44,0,0,0,32,39,34,0,53,0,0,0,0,0,46,0,0,0,0,55,0,0,0,0,0,0,0,0,48,47,30,0,21,7,43,14,0,0,4,0,0,28,0,0,0,0,0,74,53,0,0,0,0,0,0,0,0,0,0
2017-01-01,39,0,37,33,0,0,17,26,38,42,0,0,0,18,33,71,27,62,27,0,36,30,0,0,4,0,0,0,0,0,0,18,0,0,11,0,32,0,0,35,41,0,8,0,0,0,0,0,0,0,0,0,0,30,0,0,0,0,0,0,0,0,54,0,0,0,30,0,0,0,0,0,0,0,4,48,0,0,8,0,0,0,0,47,0,51,0,0,0,0,30,26,48,0,0,9,1,0,31,39,57,53,20,35,0,27,29,44,0,0,0,31,41,0,0,47,38,0,0,0,0,41,0,0,0,0,71,0,0,0,0,0,0,0,0,58,65,30,0,20,7,60,21,0,0,3,33,0,46,0,0,0,0,0,64,44,0,0,0,0,0,0,0,0,0,0
2017-02-01,40,0,34,32,0,0,12,24,47,39,70,0,0,0,35,67,24,73,20,0,50,30,0,0,0,0,0,0,0,0,0,0,0,0,10,0,42,0,40,26,44,0,5,0,0,0,0,0,0,0,0,0,0,0,0,0,0,0,0,0,0,0,55,0,0,0,36,0,0,0,0,0,0,0,4,45,43,0,9,0,0,0,24,38,20,0,0,0,0,0,30,32,45,0,0,11,1,0,56,37,60,66,32,24,0,29,31,39,0,0,0,27,50,0,0,0,28,0,0,0,0,0,0,0,0,0,69,0,0,0,0,0,0,0,0,59,58,47,0,24,7,54,24,0,0,0,37,0,48,0,0,0,0,0,47,52,0,0,0,0,0,0,0,0,0,0
2017-03-01,51,0,40,38,0,0,15,29,51,48,65,0,56,22,34,80,24,65,18,0,79,29,0,0,6,0,0,0,0,0,0,22,0,0,12,0,47,0,36,39,0,0,9,22,0,0,0,0,0,0,0,0,0,24,0,0,0,0,0,0,0,0,58,0,0,0,31,0,0,0,0,0,0,0,4,43,29,0,9,0,0,0,0,42,18,44,0,0,0,0,33,33,44,0,0,9,1,0,61,36,60,64,40,19,0,24,35,56,0,0,0,21,47,54,0,51,38,0,0,0,0,0,0,60,54,0,69,0,0,0,0,0,0,0,0,61,87,31,0,17,8,50,24,0,0,0,0,36,64,0,0,0,0,0,81,37,0,0,0,0,0,0,0,0,0,0
2017-04-01,35,0,26,29,0,0,13,23,41,32,0,0,0,20,40,62,23,62,18,0,63,27,0,0,4,0,0,0,0,45,0,20,0,22,10,0,25,0,31,22,0,0,4,0,0,0,0,0,0,0,0,0,0,47,0,0,0,0,0,0,0,0,43,0,100,0,0,0,0,0,0,0,0,0,3,35,0,0,11,0,0,0,0,37,28,0,0,0,0,0,30,20,41,0,0,6,1,0,86,37,58,52,50,30,0,28,24,45,0,0,0,27,45,0,0,0,42,0,0,0,0,0,0,0,0,0,58,0,0,0,0,0,0,0,0,47,46,31,0,16,8,48,19,0,0,5,0,0,48,0,0,0,0,35,36,77,0,0,0,0,0,0,0,0,0,0
2017-05-01,38,0,30,37,0,0,13,24,45,30,0,0,0,25,28,58,27,59,24,0,40,26,0,0,6,0,70,0,0,0,0,25,75,21,14,0,43,0,38,27,0,66,6,0,0,0,0,0,0,0,0,0,0,0,0,0,0,0,0,0,0,0,52,0,0,0,28,0,0,0,0,0,0,0,3,39,0,0,9,0,0,0,0,38,20,0,0,0,0,0,34,25,44,0,0,11,1,0,62,34,60,52,41,24,0,35,34,68,0,0,0,23,100,42,100,0,40,0,0,0,27,0,0,0,0,0,63,0,0,0,0,0,0,0,0,46,53,44,0,24,8,53,30,0,0,5,32,0,47,100,0,0,4,62,39,35,0,0,0,0,0,0,0,0,0,0
2017-06-01,36,0,32,36,0,0,13,26,45,29,0,0,0,18,28,57,24,54,15,0,36,24,0,0,8,0,0,0,0,0,0,18,0,20,10,0,61,0,45,39,0,0,7,0,0,0,0,0,0,0,0,0,53,0,0,0,0,0,0,78,0,0,53,0,0,0,23,0,0,0,0,0,0,0,4,44,0,0,9,0,0,0,0,38,23,73,0,0,0,0,31,32,37,0,0,10,1,0,54,35,57,51,40,25,0,36,32,62,0,0,0,29,63,0,0,0,36,0,0,0,0,0,0,0,42,0,66,0,0,0,0,0,0,0,0,43,59,40,0,17,8,55,24,0,0,5,0,0,52,0,0,0,0,30,77,39,0,0,48,0,0,0,0,0,0,0
2017-07-01,35,0,34,36,0,0,12,31,48,28,0,0,0,0,29,79,21,68,21,0,38,25,0,0,4,0,0,0,0,0,0,0,0,18,11,0,40,0,0,25,0,0,7,24,0,0,0,0,0,0,0,0,0,0,42,0,0,0,0,0,0,0,64,0,0,0,34,0,0,0,0,0,0,0,3,44,0,0,9,0,0,0,0,41,22,68,0,0,0,0,33,23,43,0,0,9,1,0,68,41,60,57,42,27,0,37,33,58,0,0,0,22,51,51,0,100,31,0,0,0,50,28,0,0,0,0,66,0,0,0,0,0,0,0,0,54,72,47,0,20,9,58,22,0,0,0,0,0,45,0,0,0,0,56,53,66,0,0,0,0,0,0,0,0,0,0
2017-08-01,37,0,28,37,0,0,17,26,47,33,54,0,0,0,36,80,27,70,26,0,39,26,0,0,0,0,0,0,0,0,0,0,0,18,10,0,41,0,0,36,0,0,8,0,0,0,0,0,0,0,0,0,0,0,44,0,0,0,0,0,0,0,54,0,0,0,30,0,0,0,0,0,0,0,3,52,0,0,9,0,0,0,0,38,21,54,0,0,0,0,33,33,44,0,0,8,1,0,100,41,57,50,54,22,0,39,30,48,0,0,0,20,73,37,0,65,28,0,0,0,41,30,0,0,0,0,67,0,0,0,0,0,0,0,0,44,66,44,0,20,10,57,22,0,0,8,33,0,46,82,0,0,0,45,0,52,0,0,0,0,0,0,0,0,0,0
2017-09-01,39,0,38,43,0,0,11,26,49,42,77,0,0,14,31,80,30,76,18,0,40,24,0,0,7,0,0,0,0,0,0,14,0,19,13,0,42,0,32,40,0,0,8,0,0,0,0,0,0,0,0,0,0,0,0,0,0,0,0,0,0,0,48,0,0,0,30,0,0,0,0,0,0,0,4,45,0,0,10,0,0,0,0,43,38,56,0,0,71,0,34,32,46,0,0,8,1,0,72,40,58,62,69,33,0,46,31,40,0,0,0,28,0,0,0,48,24,0,0,0,57,36,0,0,0,0,72,0,0,0,0,0,0,0,0,58,51,46,0,25,12,68,0,0,0,11,54,0,47,0,0,0,0,41,81,67,0,0,0,0,0,0,0,0,0,0
2017-10-01,36,0,23,38,0,0,13,26,52,45,47,0,0,16,33,77,30,68,19,0,0,24,0,0,0,0,0,0,0,0,0,16,0,25,13,0,45,0,33,46,0,0,7,27,0,0,0,0,0,0,0,0,0,0,0,0,0,0,0,0,0,0,51,0,0,0,30,0,0,0,0,0,0,0,4,41,0,0,9,0,0,0,0,40,27,49,0,0,0,0,33,37,44,0,0,8,1,0,60,39,61,58,60,32,0,43,35,62,0,0,0,24,0,41,0,0,0,0,0,0,64,0,0,0,0,0,71,0,0,0,0,0,0,0,0,43,61,43,0,19,13,71,23,0,0,8,0,0,55,86,0,0,0,41,52,62,0,0,0,0,0,0,0,0,0,0
2017-11-01,40,0,25,38,0,0,14,28,53,24,0,0,0,17,30,79,25,69,25,0,50,24,0,0,0,0,0,0,0,0,0,17,0,38,18,38,38,0,58,0,61,0,5,0,0,0,0,0,0,0,0,0,0,0,0,0,0,0,0,0,0,0,66,0,0,0,37,0,0,0,0,0,0,0,4,42,0,0,10,0,0,0,23,42,31,47,0,0,0,0,35,42,46,0,0,10,1,0,57,43,59,72,67,29,0,48,42,52,0,0,0,25,79,37,0,0,42,0,0,0,47,42,0,0,0,0,67,0,0,0,0,0,0,0,0,59,66,45,0,27,11,65,9,0,0,6,48,0,49,0,0,0,0,60,59,47,0,0,0,0,0,0,0,0,0,0
2017-12-01,36,0,21,27,0,0,10,24,43,27,0,0,0,17,28,70,24,64,20,0,0,23,0,0,6,0,0,0,0,0,0,17,0,17,13,0,31,0,0,32,0,0,7,0,0,0,0,0,0,0,0,0,0,0,0,0,0,0,0,0,0,0,48,0,0,0,21,0,0,0,0,0,0,0,4,41,30,0,8,0,0,0,0,42,33,46,0,0,0,0,36,27,40,0,0,9,1,0,87,54,54,77,58,32,0,19,25,51,0,0,0,30,0,0,0,0,36,0,0,0,46,0,0,0,0,0,65,0,0,0,0,0,0,0,0,42,51,36,0,23,9,54,25,0,0,6,0,0,40,0,0,0,0,34,36,48,0,0,0,0,0,0,0,0,0,0
2018-01-01,36,0,32,33,0,0,14,27,55,35,0,0,0,0,33,68,28,75,22,0,36,28,0,0,5,0,0,0,0,0,0,0,0,0,13,0,38,0,44,54,0,0,6,0,0,0,0,0,0,0,0,0,0,0,0,0,0,0,0,0,0,0,53,0,0,0,34,0,0,0,0,0,0,0,7,46,39,0,10,100,0,0,0,46,0,55,0,0,0,0,36,41,48,0,0,9,1,0,69,52,61,60,59,31,0,39,26,46,0,0,0,32,48,0,0,43,30,0,0,0,43,0,0,0,0,0,76,0,100,0,0,0,0,0,0,47,38,29,0,25,9,67,24,0,0,7,0,0,51,0,0,0,0,27,68,70,0,0,0,0,0,0,0,0,0,0
2018-02-01,43,0,42,34,0,0,14,24,47,29,0,0,50,0,33,72,28,78,17,0,81,34,0,0,0,0,0,0,0,0,0,0,0,21,10,0,17,0,48,32,0,0,15,0,0,0,0,0,0,0,0,0,0,0,0,0,0,0,0,0,0,0,53,0,0,0,29,0,0,0,0,0,0,0,9,48,0,0,9,0,0,0,0,40,22,62,0,0,0,0,39,34,41,0,0,11,1,0,49,48,58,53,49,32,0,36,37,48,0,0,0,21,59,0,91,47,0,0,0,0,49,0,0,0,0,0,69,0,0,0,0,0,0,0,0,41,46,35,0,23,10,69,27,0,0,6,42,73,74,0,0,0,0,39,44,38,0,0,0,0,0,0,0,0,0,0
2018-03-01,43,0,58,27,0,0,12,28,51,39,0,0,0,16,43,73,25,72,12,0,37,31,0,0,4,0,0,0,0,0,0,16,100,0,10,0,42,23,29,45,0,0,25,0,0,0,0,0,0,0,0,0,0,0,0,0,0,0,0,0,0,0,54,0,0,0,48,0,0,0,0,0,0,0,4,44,32,0,11,0,0,0,43,43,38,58,0,0,0,0,42,44,41,0,0,10,1,0,26,47,64,64,28,21,0,32,42,63,0,0,0,21,46,0,0,0,25,0,0,0,29,39,0,0,0,0,74,0,0,0,0,0,0,0,0,49,47,22,0,24,9,65,32,0,0,0,66,100,41,0,0,0,0,44,64,0,0,0,0,0,0,0,0,0,0,0
2018-04-01,39,0,40,22,0,0,10,32,48,43,61,0,0,0,31,76,25,84,28,0,0,32,0,0,7,0,0,0,0,0,0,0,0,0,12,0,29,25,0,28,0,0,31,0,0,0,0,0,0,0,0,0,0,0,0,0,0,0,0,0,0,0,39,0,0,61,22,0,0,0,0,0,0,0,4,43,0,0,10,0,0,0,27,42,29,58,0,0,0,0,44,40,32,0,0,11,1,0,18,49,67,71,20,36,0,77,34,54,0,0,0,18,54,50,0,0,32,0,0,0,45,0,0,0,0,0,71,0,0,0,0,0,0,0,0,65,35,33,0,30,9,64,24,0,0,0,0,74,46,0,0,0,0,0,39,58,0,0,0,0,0,0,0,0,0,0
2018-05-01,44,0,51,30,0,0,17,29,57,56,52,0,0,25,46,61,27,72,29,0,44,29,0,0,8,0,0,0,0,0,0,25,0,22,13,0,46,16,42,51,0,0,39,0,0,0,0,0,0,0,0,0,0,0,0,0,0,0,0,0,0,0,50,0,0,0,39,0,0,0,0,0,0,0,4,50,56,0,10,0,0,0,0,43,40,67,0,0,0,0,42,41,40,0,0,7,1,0,20,44,77,58,22,34,0,65,42,61,0,0,0,22,51,72,46,0,40,0,0,0,44,0,0,0,0,0,76,0,0,0,0,0,0,0,0,77,51,30,0,28,9,69,32,0,0,6,46,0,55,0,0,0,0,42,66,0,0,0,0,0,0,0,0,0,0,0
2018-06-01,36,0,0,27,0,0,13,29,48,43,0,0,51,0,31,62,22,70,27,0,36,29,0,0,8,0,0,0,0,0,0,0,0,0,11,0,47,18,42,50,0,0,55,0,0,0,0,0,0,0,0,0,0,0,0,0,0,0,0,0,0,0,45,0,0,0,32,0,0,0,0,0,0,0,3,47,33,0,9,0,0,0,24,42,32,51,0,0,0,0,39,38,42,0,0,12,1,0,16,47,64,60,22,28,0,100,38,53,0,0,0,21,86,42,0,46,32,0,0,0,39,0,0,0,0,0,77,0,0,0,0,0,0,0,0,74,44,34,0,20,9,68,43,0,0,0,0,0,61,0,0,0,0,54,45,38,0,0,0,0,0,0,0,0,0,0
2018-07-01,34,0,0,35,0,0,14,46,50,48,0,0,71,24,38,69,26,78,25,0,0,32,0,0,7,0,0,0,0,0,0,24,0,17,12,0,42,30,40,27,53,0,62,34,0,0,0,0,0,0,0,0,0,0,39,0,0,0,0,0,0,0,64,0,0,0,19,0,0,0,0,0,0,0,4,55,49,0,9,0,0,0,0,48,33,42,0,0,0,0,40,37,42,0,0,11,1,0,24,61,64,63,20,31,0,87,46,59,0,0,0,22,64,52,0,0,41,0,0,0,41,0,0,0,46,0,77,0,0,0,0,0,0,0,0,77,42,29,0,23,9,69,41,0,0,0,47,0,51,0,0,0,0,51,64,0,0,0,0,0,0,0,0,0,0,0
2018-08-01,33,0,0,30,0,36,11,36,49,27,0,0,45,17,40,61,24,78,39,0,0,31,0,0,4,0,0,0,0,0,0,17,0,27,12,0,35,18,33,37,0,0,63,65,0,0,0,0,0,0,0,0,0,0,46,0,0,0,0,0,0,0,64,0,0,0,37,0,0,0,0,0,0,0,3,51,39,0,9,0,0,0,0,49,20,92,0,0,83,0,43,39,45,0,0,11,1,0,21,70,71,64,17,25,0,74,31,61,0,0,0,14,76,57,0,55,21,0,0,0,34,0,0,0,0,0,81,0,0,0,0,0,0,0,0,55,49,37,0,34,9,66,8,0,0,0,36,0,60,0,0,0,0,41,68,42,0,0,0,0,0,0,0,0,0,0
2018-09-01,40,0,0,33,0,0,18,29,50,49,0,0,84,0,41,65,32,79,25,0,68,38,0,0,11,0,0,0,0,0,0,0,0,0,12,0,40,24,46,34,0,0,55,35,0,0,0,0,0,0,0,0,0,0,0,0,0,0,0,0,0,0,51,0,0,0,54,0,0,0,0,0,0,0,3,47,36,0,8,0,0,0,0,50,26,55,0,0,90,0,39,39,41,0,70,12,1,0,20,57,64,62,16,19,0,86,26,58,0,0,0,21,64,77,0,0,29,0,0,21,0,0,0,0,0,0,75,0,0,0,0,0,0,0,0,60,34,32,0,30,8,80,27,0,0,0,44,0,62,0,0,0,4,46,57,40,0,0,0,0,0,0,0,0,0,0
2018-10-01,41,0,37,37,0,0,14,27,50,48,59,0,0,0,40,66,39,69,27,0,32,64,0,0,8,0,0,0,0,0,0,0,0,0,14,0,52,24,38,39,0,0,35,25,0,0,0,0,0,0,0,0,0,41,0,0,0,0,0,0,0,0,50,0,0,0,55,0,0,0,0,0,0,0,3,45,33,0,10,0,0,0,0,45,22,42,0,0,0,0,39,32,50,0,0,9,1,0,18,50,72,57,16,35,0,84,40,61,0,0,0,21,87,52,0,43,22,0,0,0,0,36,0,0,0,11,78,0,0,0,0,0,0,0,0,56,39,28,0,36,9,80,38,0,0,0,41,0,61,0,0,0,0,42,32,32,0,0,0,0,0,0,0,0,0,0
2018-11-01,37,0,46,37,2,0,13,30,45,33,0,0,58,20,41,75,28,76,22,0,28,39,0,0,6,0,0,0,0,0,0,20,0,0,14,0,43,14,0,27,41,0,36,0,0,0,0,0,0,0,0,0,0,0,0,0,0,0,0,0,0,0,52,0,0,0,37,0,0,0,0,0,0,0,5,42,33,0,11,0,0,0,0,47,0,67,0,0,0,0,42,43,47,0,45,8,1,0,18,58,63,62,26,45,0,66,35,68,0,0,0,25,70,41,0,55,29,0,0,0,0,44,0,0,0,0,77,0,0,0,0,0,0,0,0,58,46,32,0,38,10,70,39,0,0,0,67,46,50,0,0,0,6,35,81,34,0,0,0,0,0,0,0,0,0,0
2018-12-01,29,0,41,32,3,0,9,27,46,30,0,0,0,0,41,65,18,78,18,0,37,34,0,0,6,0,0,0,0,0,0,0,0,29,13,0,25,31,0,36,0,0,35,41,0,0,0,0,0,0,0,0,0,38,0,0,0,0,0,0,0,0,43,0,0,0,27,0,0,0,0,0,0,0,3,41,28,0,11,0,0,0,0,46,24,71,0,0,0,0,41,31,48,0,0,7,1,0,20,78,65,72,23,54,0,76,26,75,0,0,0,31,0,0,0,0,36,0,0,0,0,28,0,0,0,0,77,0,0,0,0,0,0,0,0,40,40,39,0,30,9,72,36,0,0,0,29,33,51,0,0,0,6,60,37,0,0,100,0,0,0,0,0,0,0,0
2019-01-01,33,0,47,37,4,0,17,29,52,50,51,0,57,0,47,78,30,86,19,0,40,37,0,0,6,0,0,0,0,0,0,0,0,19,14,0,47,26,0,41,0,0,47,22,0,0,0,0,0,0,0,0,0,0,0,0,0,0,0,0,0,0,54,0,0,0,18,0,0,0,0,0,0,76,5,46,37,0,11,0,0,0,0,64,27,71,0,0,0,0,42,36,56,0,0,9,1,0,19,80,67,62,45,49,0,78,29,72,0,0,0,40,65,49,0,42,25,0,0,0,0,39,0,52,45,0,96,0,0,0,0,0,0,0,0,69,48,35,0,43,9,88,41,0,0,0,37,62,59,0,0,0,6,51,54,41,0,0,0,0,0,0,0,0,0,0
2019-02-01,33,0,57,45,5,0,13,30,50,51,86,0,0,32,43,75,26,90,21,0,0,39,0,0,6,0,0,0,0,0,0,32,0,18,13,0,42,30,0,28,0,0,45,0,0,0,0,0,0,0,0,0,0,0,0,0,0,0,0,0,0,0,52,0,0,0,38,0,0,0,0,0,0,0,5,50,30,0,11,0,0,0,21,53,0,43,0,0,0,0,40,37,55,0,0,11,1,0,26,78,61,58,52,49,0,73,31,67,0,0,0,26,71,69,0,0,41,0,0,0,0,33,0,0,0,0,87,0,0,0,0,0,0,0,0,51,38,34,0,32,9,82,33,0,0,0,0,0,52,0,0,0,6,46,34,67,0,0,0,0,0,0,0,0,0,0
2019-03-01,30,0,58,48,7,0,17,29,53,74,55,0,46,34,48,72,23,82,22,0,97,29,0,0,5,0,0,0,0,0,0,34,0,22,12,0,36,28,57,60,0,0,33,22,0,0,0,0,0,0,0,0,0,27,36,0,0,0,0,0,0,0,52,0,0,45,31,0,0,0,0,0,0,0,5,41,65,0,11,0,0,0,24,50,31,54,0,0,0,0,40,31,46,0,0,11,1,0,22,74,68,67,53,42,0,68,44,68,0,0,0,22,0,59,0,65,27,0,0,0,0,0,0,0,0,0,84,0,0,0,0,0,0,0,0,57,38,33,0,32,9,66,51,0,0,0,0,42,55,0,0,0,9,55,45,36,0,0,0,0,0,0,0,0,0,0
2019-04-01,24,0,35,34,5,0,12,24,40,38,0,0,0,14,34,63,23,74,14,0,0,28,0,0,4,0,0,0,0,0,0,14,0,38,12,0,0,24,0,31,0,0,20,0,0,0,0,0,0,0,0,0,0,33,0,0,0,0,0,0,0,0,39,0,0,0,27,0,0,0,0,0,0,0,5,38,0,0,12,0,0,0,0,38,31,0,0,0,0,0,34,20,49,0,0,6,1,0,14,65,62,52,51,49,0,66,22,79,0,0,0,17,68,34,0,0,26,0,25,0,0,0,0,0,0,0,68,0,0,0,0,0,0,0,0,29,18,26,0,27,8,53,38,71,0,3,28,0,40,0,0,0,5,46,0,0,0,0,0,0,0,0,0,0,0,0
2019-05-01,27,0,45,41,7,0,13,31,46,29,0,0,56,19,46,62,26,63,37,0,28,25,0,0,6,0,100,0,0,0,0,19,0,32,11,0,41,29,33,39,0,0,24,0,0,0,0,0,0,0,0,0,0,0,0,0,0,0,0,0,0,0,56,0,0,0,29,0,0,0,0,0,0,0,8,51,47,0,13,0,0,0,0,49,33,76,0,0,0,0,42,37,62,0,59,9,1,0,16,45,75,51,54,47,0,61,35,52,0,0,0,21,47,42,0,0,25,0,0,0,0,0,0,0,0,0,94,0,0,0,0,0,0,0,0,47,51,24,0,39,9,80,32,0,0,0,38,0,41,0,0,0,11,46,57,0,0,0,0,0,0,0,0,0,0,0
2019-06-01,27,0,52,40,7,0,11,30,49,44,0,0,0,21,46,79,23,67,18,0,0,21,0,0,5,0,0,0,0,0,0,21,0,30,13,0,49,25,0,32,0,0,40,28,0,0,0,0,0,0,0,0,0,0,42,0,0,0,0,0,0,0,54,0,0,0,32,0,0,0,0,0,0,0,6,60,0,0,12,0,0,0,0,47,36,0,0,0,0,100,40,26,59,0,41,11,1,0,17,54,60,54,57,50,0,71,33,62,0,0,0,20,65,73,0,0,32,0,0,0,0,0,0,0,0,0,88,0,0,0,0,0,0,0,0,40,52,31,0,22,8,79,38,0,0,3,56,0,54,0,0,0,16,47,29,38,0,0,0,0,0,0,0,0,0,0
2019-07-01,27,0,72,53,8,0,13,36,55,51,0,0,61,32,67,77,28,80,34,0,38,24,0,0,4,0,0,0,0,0,0,32,0,33,14,0,40,24,36,20,35,0,49,37,0,0,0,0,0,0,0,0,0,0,36,0,0,0,0,0,0,0,66,0,0,0,35,0,0,0,0,0,0,0,7,50,41,0,13,0,0,0,0,56,0,49,0,0,0,0,43,38,59,0,56,10,1,0,23,65,57,56,70,64,0,74,54,56,0,0,0,26,98,67,0,42,0,0,0,0,0,0,0,0,0,0,91,41,0,0,0,0,0,0,0,61,40,40,0,35,8,83,50,0,0,10,75,29,53,91,0,0,22,42,59,0,0,0,0,0,0,0,0,0,0,0
2019-08-01,26,0,69,41,5,0,12,35,49,49,0,0,48,27,47,66,27,100,23,0,42,27,0,0,6,0,0,0,0,0,0,27,0,35,16,0,40,35,0,23,0,0,54,20,0,0,0,0,0,0,0,0,0,0,0,0,0,0,0,0,0,0,57,0,0,0,29,0,0,0,0,0,0,0,17,54,33,0,12,0,0,0,0,51,33,61,0,0,70,0,49,41,58,0,42,10,1,0,22,79,63,57,74,57,0,68,31,60,0,0,0,21,64,53,0,67,0,0,0,0,46,0,0,0,0,0,78,0,0,0,0,0,0,0,0,42,54,35,0,34,9,75,46,0,0,11,49,34,59,0,0,0,16,52,54,0,0,0,0,0,0,0,0,0,0,0
2019-09-01,30,0,58,41,8,43,14,38,52,53,0,0,59,18,46,87,27,87,26,0,29,29,0,0,0,0,0,0,0,0,0,18,0,34,19,0,43,34,33,38,47,0,39,0,0,0,0,0,0,0,0,0,0,0,0,0,0,0,0,0,0,0,56,0,0,0,27,0,0,0,0,0,0,0,18,46,0,0,12,0,0,0,0,62,36,100,0,0,0,0,54,44,56,0,0,9,1,0,16,74,61,61,72,40,0,75,37,68,0,0,0,29,71,45,0,0,31,0,0,0,0,26,0,0,0,0,98,0,0,0,0,0,0,0,0,61,41,34,0,40,10,100,55,0,0,9,30,47,57,0,0,0,18,47,48,0,0,0,0,0,0,0,0,0,0,0
2019-10-01,27,0,79,38,7,0,12,32,54,37,0,0,0,31,49,79,23,80,24,0,0,26,0,0,4,0,0,0,0,0,0,31,90,43,15,0,37,34,29,29,0,0,38,18,0,0,0,0,0,0,0,0,0,0,0,0,0,0,0,0,0,0,57,0,0,0,22,0,0,0,0,0,0,0,28,46,57,0,12,0,0,0,20,53,30,62,0,0,63,0,52,37,56,0,0,10,1,0,24,69,58,65,70,62,0,69,42,77,0,0,0,27,47,50,0,55,0,0,0,0,0,32,0,0,0,0,87,0,0,0,0,0,0,0,0,57,20,40,0,38,14,92,48,0,0,12,48,57,61,0,0,0,19,54,67,64,0,0,0,0,0,0,0,0,0,0
2019-11-01,20,0,65,37,6,0,11,31,48,32,0,0,91,14,46,69,40,82,23,0,0,27,0,0,7,0,0,0,0,0,0,14,0,22,13,0,46,34,0,24,0,0,32,26,0,0,0,0,0,0,0,0,0,0,0,0,0,0,0,0,0,0,54,0,0,0,22,0,0,0,0,0,0,0,43,53,0,0,13,0,0,0,0,47,22,38,0,0,0,0,52,40,55,0,59,10,1,0,19,71,59,64,79,62,0,90,42,68,0,0,0,25,63,55,0,0,0,0,0,22,26,0,0,43,0,0,82,0,0,0,0,0,0,0,0,53,47,31,0,37,17,70,51,0,0,11,0,65,59,0,0,0,19,55,44,51,0,0,0,0,0,0,0,0,0,0
2019-12-01,19,0,44,36,7,0,13,34,50,34,0,0,43,15,44,69,28,81,32,0,31,28,0,0,7,0,0,0,0,0,0,15,0,29,16,35,37,22,44,38,0,0,32,0,0,0,0,0,0,0,0,0,0,0,36,0,0,0,0,0,0,0,53,0,0,54,0,0,0,0,0,0,0,0,7,37,40,0,11,0,0,0,0,54,22,54,0,0,0,0,50,42,57,0,0,10,1,0,24,91,69,72,76,63,0,65,25,80,0,0,0,31,39,52,0,54,23,0,0,0,25,38,0,68,38,0,85,0,0,0,0,0,0,0,0,40,48,34,0,34,18,72,45,0,0,13,36,46,50,0,77,0,19,50,48,49,0,0,0,0,0,0,0,0,0,0
2020-01-01,22,0,57,39,7,0,13,35,60,48,61,0,49,20,44,75,29,84,30,0,60,31,0,0,6,0,0,0,0,0,0,20,0,26,15,34,42,35,27,33,0,0,42,22,0,0,0,0,0,0,0,0,0,0,0,0,0,0,0,0,0,0,59,0,0,0,30,0,0,0,0,0,0,0,7,53,36,0,10,0,0,0,19,60,21,56,0,0,0,81,50,40,56,0,0,9,1,0,17,85,66,63,64,57,0,83,33,72,0,0,0,32,75,51,0,49,33,0,0,0,30,0,0,57,0,0,100,0,0,0,0,0,0,0,0,60,47,41,0,31,17,84,49,0,73,11,59,0,64,0,76,0,26,57,45,49,0,0,0,0,0,0,0,0,0,0
2020-02-01,28,0,100,57,9,0,20,92,52,51,59,0,0,26,49,81,36,83,65,0,34,26,0,0,6,0,0,0,0,0,0,26,0,46,13,0,46,35,35,40,0,0,41,29,0,0,0,0,0,0,0,0,0,29,37,0,0,0,0,0,0,0,64,0,0,0,21,0,0,0,0,0,0,0,8,48,40,0,9,0,0,0,23,57,19,40,0,0,73,0,49,26,54,0,40,10,1,0,26,89,65,58,67,53,0,71,32,69,0,0,0,26,83,0,0,0,28,0,0,0,0,28,0,49,0,0,100,0,0,0,0,0,0,0,0,59,44,41,0,27,16,73,47,0,0,14,53,37,69,0,72,0,19,60,67,41,0,0,0,0,0,0,0,0,0,0
2020-03-01,21,0,52,45,5,0,14,60,40,60,0,0,46,62,42,58,52,75,86,0,0,26,0,0,7,0,0,0,0,0,0,62,0,32,14,0,43,31,31,31,0,0,26,17,0,0,0,0,0,0,0,0,0,0,32,0,0,0,0,0,0,0,41,0,0,0,28,0,0,0,0,0,0,0,10,25,63,0,11,0,0,0,0,41,17,0,0,0,0,0,67,35,40,0,0,6,1,0,18,43,58,50,74,45,0,50,35,79,0,0,0,21,44,34,0,0,0,0,0,0,0,0,1,43,0,0,58,0,0,0,0,0,0,0,0,30,52,38,0,26,22,45,34,0,0,53,42,0,48,0,40,0,14,37,48,56,0,0,0,0,0,0,0,0,0,0
2020-04-01,21,0,51,46,2,0,11,37,42,35,0,0,40,74,28,65,30,45,23,0,39,21,0,0,7,0,0,0,0,0,0,74,0,35,9,0,54,29,0,23,42,0,19,19,0,0,0,0,0,0,0,0,0,29,36,0,0,0,0,0,0,0,29,0,0,0,53,0,0,0,0,0,0,0,4,18,100,0,13,0,0,0,0,39,24,36,0,0,0,0,100,48,39,0,0,6,1,0,13,22,46,29,79,38,0,29,34,100,0,0,0,33,0,53,0,0,46,100,0,25,0,0,0,53,0,0,30,0,0,0,0,0,0,100,0,14,49,28,0,16,100,27,38,0,0,60,33,29,41,0,2,0,15,39,35,37,0,0,0,0,0,0,0,0,0,0
2020-05-01,20,0,57,46,3,0,16,85,50,40,49,0,47,47,38,66,40,47,30,0,33,18,0,0,8,0,0,0,0,0,0,47,0,32,10,0,66,36,0,34,0,0,23,23,0,0,0,0,0,0,0,0,0,0,61,0,0,0,0,0,0,0,39,0,0,0,34,0,0,0,0,0,0,0,6,25,59,0,12,0,0,0,0,47,24,34,0,0,0,0,75,47,50,0,0,8,1,0,16,32,60,61,81,47,0,40,40,74,0,0,0,41,44,68,0,35,33,0,0,18,0,42,0,0,0,0,52,0,0,0,0,0,0,0,0,27,29,29,0,14,36,42,52,0,0,36,45,0,53,0,4,0,12,64,61,0,0,0,0,0,0,0,0,0,0,0
2020-06-01,25,0,51,38,3,0,11,77,58,54,59,0,52,38,47,85,40,54,28,49,34,18,0,0,3,0,0,0,0,0,0,38,0,26,12,0,57,25,34,30,50,0,18,28,0,0,0,0,0,0,0,0,0,0,0,0,0,0,0,0,0,0,38,0,0,0,34,0,0,0,0,0,0,0,17,36,60,0,10,0,0,0,0,44,28,78,0,0,0,0,69,41,48,0,0,12,1,0,22,43,73,78,76,40,0,62,41,78,0,0,0,33,35,100,0,53,30,0,0,0,0,26,0,0,0,0,69,0,0,0,0,0,0,0,0,52,40,43,0,19,23,60,38,0,0,36,40,31,41,0,27,0,16,40,46,52,0,0,0,0,0,0,0,0,0,0
2020-07-01,20,0,50,36,4,0,13,67,55,43,0,0,0,30,45,90,31,58,23,34,47,17,0,0,4,0,0,0,0,0,0,30,0,25,11,0,55,18,0,26,0,0,20,18,0,0,0,0,0,0,0,0,0,32,60,0,0,0,0,0,0,0,42,0,0,0,47,0,0,0,0,0,0,0,28,35,55,0,9,0,0,0,0,44,23,57,0,0,0,0,64,56,50,0,41,11,1,0,21,50,78,68,76,49,0,63,36,63,0,0,0,30,59,60,0,68,0,0,0,0,0,49,0,0,0,0,72,0,0,0,0,0,0,0,0,47,37,34,0,12,15,60,37,0,0,33,34,0,53,0,40,0,19,67,28,48,0,0,0,0,0,0,0,0,0,100
2020-08-01,23,0,36,37,4,0,14,56,50,54,0,0,44,39,63,81,37,65,100,39,40,17,0,0,11,0,0,0,0,0,0,39,0,20,12,0,46,18,37,38,44,0,20,0,0,0,0,0,0,0,0,0,0,0,0,0,0,0,0,0,0,0,54,0,0,0,32,0,0,0,0,0,0,0,75,46,47,0,9,0,0,0,0,50,27,0,0,0,0,0,62,44,56,0,58,10,1,0,22,62,81,68,79,58,0,74,44,66,0,0,0,33,46,76,0,0,0,0,0,0,0,36,0,47,0,0,84,0,0,0,0,0,0,0,0,67,40,36,0,34,17,63,35,0,0,28,60,0,50,0,51,0,17,74,57,32,0,0,0,0,0,0,0,0,0,0
2020-09-01,27,0,41,50,6,0,17,46,64,72,57,0,55,47,51,77,44,60,44,51,37,17,0,0,16,0,0,0,0,0,0,47,87,44,15,0,60,11,33,62,74,0,35,23,0,0,0,0,0,0,0,0,0,28,64,0,0,0,0,0,0,0,52,0,0,0,39,0,0,0,0,0,0,0,7,40,30,0,9,0,0,0,18,51,32,45,8,0,0,0,62,54,54,0,41,9,1,0,22,64,75,73,78,56,0,73,51,72,0,0,0,41,64,84,0,37,29,0,0,0,0,34,0,42,0,0,88,0,0,0,0,0,0,0,0,81,53,37,0,26,20,65,40,0,0,30,57,0,72,0,58,0,21,90,31,42,0,0,0,0,0,0,0,0,0,0
2020-10-01,19,0,26,35,5,0,9,32,49,61,0,0,70,21,44,66,39,39,22,0,42,12,0,0,4,0,0,0,0,0,0,21,0,35,10,36,49,16,32,25,37,0,17,0,0,0,0,0,0,0,0,0,0,0,35,0,0,0,0,0,0,0,36,0,0,0,32,0,0,0,0,0,0,0,6,28,0,0,9,0,0,0,22,44,24,43,37,0,0,0,62,38,39,0,38,9,1,0,14,39,58,67,70,48,0,48,34,58,0,0,0,39,44,41,0,0,21,0,0,0,0,26,0,0,0,6,62,0,0,0,0,0,0,0,0,48,36,33,0,21,23,49,33,0,0,47,45,0,45,0,19,0,19,43,0,0,0,0,0,0,0,0,0,0,0,0
2020-11-01,18,0,38,37,4,0,8,30,59,34,0,0,0,27,48,65,42,41,26,44,64,12,0,0,5,0,0,0,0,0,0,27,0,28,10,41,63,25,35,26,0,42,21,0,0,0,0,0,0,0,100,0,0,0,0,0,0,0,0,0,0,0,39,0,0,0,47,0,0,0,100,0,0,0,12,28,0,0,10,0,0,0,0,48,26,0,43,0,0,0,73,41,47,0,44,9,1,0,20,37,58,69,74,57,0,41,43,61,0,0,0,39,0,46,0,45,0,0,0,0,0,42,0,0,32,9,63,0,0,0,0,0,0,0,0,33,41,35,0,26,39,52,38,0,0,44,0,0,43,0,5,0,13,58,35,35,0,0,0,0,0,0,0,0,0,0
2020-12-01,18,0,27,35,4,0,10,35,59,43,0,0,0,22,43,79,43,43,23,0,0,15,0,0,0,0,0,0,0,0,0,22,0,55,13,0,43,27,33,35,39,0,22,0,0,0,0,0,0,0,0,0,0,26,51,0,0,0,0,0,0,0,40,0,0,0,34,0,0,0,0,0,100,0,4,34,0,0,10,0,0,0,21,47,24,48,43,0,66,0,73,32,40,0,38,9,1,0,22,50,77,100,78,52,0,52,38,66,0,0,0,54,48,76,0,0,19,0,0,0,0,24,0,44,0,6,73,0,0,0,0,0,0,0,0,41,27,34,0,26,20,46,30,61,0,37,28,0,51,0,8,0,21,55,51,33,0,0,0,0,0,0,0,0,0,0
2021-01-01,18,0,40,37,6,0,15,35,67,65,0,0,0,20,53,76,69,46,27,0,37,21,0,0,4,0,0,0,0,0,0,20,0,55,11,0,53,30,46,53,0,0,24,0,0,0,0,0,0,0,0,0,0,25,50,0,0,0,0,0,0,0,44,0,0,0,30,0,0,0,0,0,0,0,5,40,0,0,9,0,0,0,0,53,31,53,46,0,63,0,70,33,42,0,40,11,1,0,19,57,71,71,72,49,0,57,38,62,0,0,0,59,89,55,0,0,0,0,0,0,0,0,0,0,0,15,79,0,0,0,0,0,0,0,0,55,35,34,0,29,18,55,33,0,0,37,34,0,52,0,12,0,15,48,43,0,0,0,0,0,0,0,0,0,0,0
2021-02-01,18,0,42,42,5,0,14,37,68,64,51,0,57,15,58,72,59,51,21,43,45,22,0,0,5,0,0,100,0,0,0,15,0,41,12,0,63,23,35,36,37,0,22,0,0,0,0,0,0,0,0,0,0,31,49,0,0,0,0,0,0,0,44,0,0,0,37,0,0,0,0,0,0,0,4,49,0,0,9,0,0,0,0,56,45,75,58,0,79,0,68,58,44,0,0,11,1,0,20,59,72,69,75,64,62,61,42,75,0,0,0,46,67,54,0,76,0,0,0,0,0,0,0,67,0,12,74,0,0,0,0,0,0,0,0,65,30,42,0,28,21,56,39,71,0,39,35,0,51,0,24,0,16,46,59,64,0,0,0,0,0,0,0,0,0,0
2021-03-01,15,0,52,38,5,0,16,52,61,59,0,0,71,22,61,86,38,58,24,45,38,23,0,0,5,0,0,0,0,0,0,22,69,56,11,32,53,39,42,30,40,0,24,18,0,0,0,0,0,0,0,0,0,0,0,0,0,0,0,0,0,0,46,0,0,0,57,25,0,0,0,0,0,89,6,41,0,0,9,0,0,0,0,56,28,50,63,0,0,0,70,55,55,0,39,11,1,0,20,60,76,87,75,60,0,74,46,72,0,0,0,36,62,62,0,0,20,0,0,0,26,0,0,0,0,17,70,0,0,0,0,0,0,0,0,50,36,34,0,23,26,60,30,59,74,37,30,0,55,0,36,0,27,48,46,43,0,0,0,0,0,0,0,0,0,0
2021-04-01,15,0,39,33,5,0,12,82,66,44,0,0,53,15,44,75,44,57,18,0,0,27,0,0,0,0,0,0,0,0,0,15,0,17,11,0,62,38,35,34,0,0,19,20,0,0,0,0,0,0,0,0,0,0,0,0,0,0,0,0,0,0,41,0,0,42,27,0,0,0,0,0,0,0,6,33,0,0,9,0,0,0,19,50,22,54,54,0,97,0,68,51,54,0,41,9,1,0,20,64,66,81,76,100,0,66,40,69,0,0,0,29,42,34,0,0,24,0,0,0,0,0,0,0,37,10,63,0,0,0,0,0,0,0,0,28,27,41,0,39,30,47,37,0,0,37,0,0,49,0,37,0,16,44,36,46,0,0,0,0,0,0,0,0,0,0
2021-05-01,12,0,41,35,6,0,11,60,62,39,0,0,46,16,46,69,46,52,20,40,35,17,0,0,5,0,0,0,0,0,0,16,0,24,11,30,52,32,0,26,40,0,22,0,0,0,0,0,0,0,0,0,0,22,46,0,0,0,0,77,0,0,44,0,0,0,44,0,0,0,0,0,0,0,5,28,0,0,11,0,0,0,0,64,38,51,63,0,72,0,76,37,48,0,0,9,1,0,15,33,54,63,85,88,0,48,36,80,0,0,0,39,52,50,0,0,0,0,0,0,0,30,0,0,48,8,60,0,0,0,0,0,0,0,0,43,22,28,0,31,46,52,58,0,0,57,27,0,50,0,6,0,11,45,65,53,0,0,0,0,0,0,0,0,0,0
2021-06-01,14,0,50,50,5,0,16,55,69,42,0,0,51,23,51,79,49,61,26,50,31,21,0,0,5,0,0,0,0,0,0,23,0,18,13,0,54,26,60,20,37,0,20,22,0,0,0,0,0,0,0,0,0,0,49,0,0,0,100,0,0,0,46,0,0,45,48,0,0,0,0,0,0,0,6,29,41,0,11,0,0,0,0,62,27,69,78,0,0,0,96,44,55,0,0,10,1,0,21,34,66,59,93,87,0,50,49,71,0,0,0,43,46,63,0,0,36,0,0,20,25,23,0,0,36,13,58,0,0,0,0,0,0,0,0,58,33,39,0,43,68,45,73,0,0,55,0,0,61,0,2,0,19,52,0,63,0,0,0,0,0,0,0,0,0,0
2021-07-01,17,0,52,53,23,0,21,66,61,51,81,0,0,21,52,83,35,57,22,35,50,23,0,0,7,0,0,0,0,0,0,21,0,18,12,37,58,34,0,37,62,0,22,0,0,0,0,0,0,0,0,0,0,26,49,0,0,0,0,0,0,0,46,0,0,37,49,0,0,0,0,0,0,0,5,36,28,0,11,0,0,0,0,62,42,56,70,0,0,0,70,50,49,0,44,10,1,0,17,48,80,83,88,69,0,52,50,59,0,0,0,41,42,45,0,0,41,0,0,0,36,0,0,0,53,19,66,0,0,0,0,0,0,0,0,54,23,32,0,38,33,49,62,0,0,42,0,0,56,0,6,0,18,58,0,44,0,0,0,0,0,0,0,0,0,0
2021-08-01,18,0,52,52,25,0,17,60,66,47,0,0,63,14,42,74,40,61,25,42,41,23,0,0,8,0,0,0,0,0,0,14,0,20,11,0,64,41,36,23,44,0,23,0,0,0,0,0,0,0,0,0,0,0,46,0,0,0,0,0,0,0,43,0,0,0,42,0,0,0,0,0,0,64,5,33,43,0,10,0,0,0,0,62,28,50,68,0,0,0,78,39,56,0,40,10,1,0,15,40,68,73,96,76,0,41,48,59,0,0,0,47,41,60,25,51,36,0,0,0,46,24,0,51,53,14,60,0,0,0,0,0,0,0,0,44,29,43,0,42,38,50,73,0,75,47,0,0,64,0,3,0,17,40,41,50,0,0,0,0,0,0,0,0,0,0
2021-09-01,18,0,42,53,29,0,17,68,69,45,43,0,71,45,64,71,47,54,27,45,52,28,0,0,6,0,0,0,0,0,0,45,0,29,13,0,69,33,43,24,0,0,25,0,0,0,0,0,0,0,0,0,0,0,49,0,0,0,0,0,0,0,50,0,0,0,46,0,0,0,0,0,0,0,4,35,38,0,12,0,0,0,0,65,32,0,71,0,0,0,80,48,58,0,38,11,1,0,19,35,60,79,92,95,0,49,59,67,0,0,0,31,42,58,0,38,29,0,0,0,34,0,1,40,47,13,59,0,0,0,0,0,0,0,0,52,34,56,0,42,55,50,43,0,71,40,32,0,67,0,1,100,17,61,57,74,0,0,0,0,0,0,0,0,0,0
2021-10-01,11,0,46,39,31,0,18,64,61,51,0,0,66,17,56,64,35,64,20,30,49,19,0,0,6,10,0,0,0,0,0,17,0,22,14,0,57,37,31,28,0,0,19,0,0,0,0,0,0,0,0,0,0,0,43,0,0,0,0,0,0,0,48,0,0,44,42,0,0,0,0,0,0,0,5,35,38,41,11,0,0,0,0,60,40,39,57,0,80,0,63,45,59,0,0,7,1,0,20,53,57,77,83,77,0,55,47,67,0,0,0,43,0,37,0,0,19,0,0,0,32,33,1,0,0,16,14,0,0,0,0,0,0,0,0,37,25,61,0,35,26,47,54,55,0,32,0,0,59,0,3,0,19,65,33,42,0,0,0,0,0,0,0,0,0,0
2021-11-01,11,0,44,40,34,0,17,76,64,42,0,0,62,21,74,74,39,70,25,49,0,21,69,0,10,23,0,0,0,0,0,21,0,35,16,0,57,22,37,29,0,0,21,0,0,0,0,0,0,0,0,0,0,0,35,0,0,0,0,0,0,0,49,0,0,46,50,0,0,0,0,0,0,0,6,45,0,59,11,0,0,0,0,68,19,72,60,0,0,0,72,50,56,0,0,10,1,0,23,66,66,73,87,93,0,85,52,70,0,0,0,40,39,62,0,55,25,0,0,21,41,46,0,0,32,12,1,0,0,0,0,0,0,0,0,43,39,64,0,37,33,47,42,74,0,38,30,34,58,0,18,0,17,64,33,49,0,0,0,0,0,0,0,0,0,0
2021-12-01,13,15,52,39,27,0,17,44,60,51,47,0,45,26,57,73,42,77,20,34,44,21,0,0,12,16,0,0,0,0,0,26,0,27,11,0,59,40,31,17,0,0,20,0,0,0,0,0,0,0,0,0,0,0,0,0,0,0,0,0,0,0,50,0,0,58,33,0,0,0,0,0,0,0,5,50,0,0,10,0,0,0,0,62,38,50,56,0,0,0,70,63,55,0,52,8,1,0,21,86,69,81,83,84,0,81,53,79,0,0,0,53,51,76,0,0,24,0,0,0,37,42,1,0,0,21,1,0,0,0,0,0,0,0,0,49,32,49,0,39,30,50,48,0,0,35,33,45,51,0,28,0,17,47,0,0,0,0,0,0,0,0,0,0,0,0
2022-01-01,15,22,86,73,35,27,38,54,78,83,51,0,91,28,98,86,58,82,32,74,57,23,0,0,19,29,0,0,0,0,0,28,0,34,16,47,87,66,70,70,49,0,36,24,0,0,0,0,0,0,0,0,0,22,51,0,0,0,0,0,0,0,63,0,0,51,73,0,0,0,0,0,0,0,8,49,29,32,12,0,0,0,0,83,52,53,89,0,0,0,83,68,76,0,53,9,1,0,28,84,66,73,85,81,0,92,74,75,0,0,0,63,55,73,0,79,46,0,0,29,50,67,1,0,58,42,1,0,0,0,0,0,0,0,0,59,66,69,0,47,27,72,72,0,0,59,32,24,80,0,35,0,25,63,0,59,0,0,0,0,0,0,0,0,0,0
2022-02-01,12,20,74,79,37,0,41,34,75,72,70,0,97,28,52,80,58,89,40,100,62,24,0,0,19,31,0,0,0,25,0,28,0,33,19,45,63,53,27,51,79,37,32,30,0,0,0,0,0,0,0,0,0,100,92,0,0,0,0,0,0,0,60,0,0,45,100,0,0,0,0,0,0,68,8,50,24,34,12,0,0,0,26,82,41,61,87,0,0,0,88,99,81,0,43,10,1,0,31,78,70,76,78,55,0,92,71,81,0,0,0,53,67,54,0,68,65,0,11,31,56,63,1,51,80,35,2,0,0,0,0,0,0,0,0,63,62,76,0,53,14,76,83,0,0,51,34,28,98,87,34,0,33,84,0,61,0,0,0,0,0,0,0,0,0,0
2022-03-01,27,100,67,100,39,0,85,46,75,96,76,0,79,46,47,79,57,84,30,75,55,74,0,0,74,33,0,0,0,18,0,46,0,30,17,51,73,34,37,62,81,23,26,31,0,0,0,89,0,0,0,0,0,14,62,39,0,0,0,0,0,0,61,0,0,45,82,19,0,0,0,0,0,50,7,51,28,86,11,0,0,0,15,91,42,75,84,0,36,0,82,100,82,0,27,13,3,0,29,68,71,66,58,48,0,88,96,78,0,0,0,46,88,63,0,51,59,0,11,58,85,84,0,66,49,85,2,0,0,0,0,0,0,0,26,57,66,100,0,71,20,79,100,58,92,56,25,40,87,90,42,0,31,100,0,63,0,0,0,0,0,0,0,0,0,0
2022-04-01,26,33,56,94,29,17,100,100,69,100,59,0,68,46,37,100,39,58,22,50,48,62,0,0,100,30,0,0,0,20,0,46,0,26,35,44,55,30,18,70,63,0,22,18,17,0,99,0,0,0,0,0,0,15,25,0,0,0,0,34,0,0,53,0,0,34,36,19,0,0,0,0,0,0,6,65,28,43,11,0,0,0,16,82,39,46,67,0,61,0,81,64,73,0,26,12,4,0,21,68,68,55,48,38,0,65,50,72,0,0,0,45,44,50,0,45,61,0,27,100,70,64,0,78,25,100,1,0,0,0,0,0,0,0,0,37,46,59,0,69,23,64,82,100,59,43,23,19,69,72,52,0,24,58,0,66,0,0,0,0,0,0,0,0,0,0
2022-05-01,23,10,25,85,32,0,78,66,68,34,43,0,85,63,37,75,36,55,27,63,57,47,0,0,74,36,0,0,0,0,0,63,0,57,16,45,61,32,26,32,31,0,7,15,21,0,0,100,0,0,0,0,0,0,19,0,0,0,0,51,0,0,54,0,0,0,51,0,0,0,0,0,0,0,6,56,32,49,10,0,0,0,12,84,47,0,71,0,38,0,60,59,73,0,34,11,5,0,22,56,65,48,54,38,0,75,61,57,0,0,0,41,55,44,0,53,51,0,9,31,57,56,0,38,25,78,1,0,0,0,0,0,0,0,0,44,28,34,0,68,23,75,66,81,62,48,18,17,72,50,55,0,21,64,0,63,0,0,0,0,0,0,0,0,0,0
2022-06-01,19,47,54,89,45,0,64,46,65,59,62,0,77,64,43,69,29,53,22,55,47,41,0,0,85,38,0,59,0,0,0,64,0,55,14,62,67,41,18,58,39,0,21,14,0,0,0,77,0,0,0,0,0,20,70,0,0,0,0,0,0,0,68,0,0,35,67,0,0,0,0,0,0,0,6,46,50,0,13,0,0,0,0,92,34,46,78,0,56,0,82,70,77,0,34,13,23,0,24,55,67,44,61,41,0,83,65,82,0,0,0,51,64,50,0,54,51,0,19,39,74,87,0,44,39,67,0,0,61,0,0,0,0,0,0,44,44,31,0,100,13,83,63,56,52,63,21,21,83,88,100,0,25,59,0,66,0,0,0,0,0,0,0,0,0,0
2022-07-01,18,76,53,94,35,0,58,43,58,81,78,0,84,62,46,64,27,58,19,47,37,31,0,0,91,14,0,0,0,0,0,62,0,65,14,23,68,49,20,51,30,0,21,13,21,0,0,93,0,0,0,0,0,20,65,0,0,0,0,0,0,0,53,0,0,48,74,0,0,0,0,0,0,0,8,80,19,0,14,0,0,0,11,81,42,34,75,0,71,0,80,59,81,0,30,9,100,0,22,48,64,37,84,38,0,72,69,68,0,0,0,54,49,51,0,38,51,0,9,44,62,71,0,37,26,61,0,0,0,0,0,0,0,0,0,52,51,39,0,77,12,66,82,38,45,60,22,21,77,72,97,0,24,61,0,79,0,0,0,0,0,0,0,0,0,0
2022-08-01,27,58,56,83,43,0,46,59,71,65,72,0,100,50,55,83,34,77,25,50,49,24,0,0,75,29,0,0,0,0,0,50,0,73,21,31,61,58,29,46,47,27,28,15,0,0,0,71,56,0,0,0,100,16,72,62,0,0,0,0,0,0,65,0,0,77,55,0,0,0,0,0,0,0,6,57,37,38,15,0,0,0,0,83,46,58,91,0,56,0,84,73,88,0,44,19,31,0,27,65,78,51,92,41,0,99,74,87,0,0,0,57,76,49,0,68,73,0,18,20,100,87,0,31,23,39,0,0,0,0,0,0,0,0,0,63,63,42,0,76,13,83,63,0,76,72,0,0,85,0,93,0,31,69,0,54,0,0,0,0,0,0,0,0,0,0
2022-09-01,25,34,45,77,39,0,44,46,77,71,47,100,65,54,62,74,41,78,27,44,31,25,0,0,68,27,0,0,0,0,0,54,0,67,19,28,86,72,48,54,51,0,29,0,0,0,0,0,0,0,0,0,0,0,60,0,0,0,0,0,0,0,76,0,0,34,72,0,0,0,0,0,0,0,6,50,0,52,13,0,0,0,18,91,57,50,88,0,65,0,90,52,93,0,47,17,9,0,28,65,77,53,96,38,0,92,71,94,0,0,0,64,82,62,0,96,82,0,10,0,76,88,0,35,26,41,1,0,0,0,0,0,0,0,0,58,50,42,0,72,12,84,55,0,61,69,20,23,82,54,80,0,39,84,0,70,0,0,0,0,0,0,0,0,0,0
2022-10-01,25,28,31,75,41,0,39,46,68,74,60,0,91,73,56,78,34,75,24,49,29,26,0,0,60,15,0,0,0,0,0,73,0,53,22,40,80,69,34,38,51,0,39,0,0,0,0,0,0,0,0,0,0,17,77,0,0,0,0,0,0,0,66,0,0,36,59,44,0,0,0,0,0,0,7,51,26,54,13,0,0,0,14,84,54,54,85,0,61,0,83,53,100,0,34,15,6,0,26,64,92,52,97,31,0,87,65,80,80,0,0,64,52,46,0,66,84,0,9,17,62,100,0,42,32,39,1,0,0,0,0,0,0,0,0,68,56,44,0,76,11,77,59,0,45,68,34,34,88,0,61,0,31,82,0,67,0,0,0,0,0,0,0,0,0,0
2022-11-01,25,20,33,82,38,0,38,40,61,60,53,0,55,67,57,74,32,75,31,67,43,22,0,0,66,22,0,0,0,0,0,67,0,63,56,47,81,87,35,57,41,36,32,22,0,100,0,0,0,0,0,0,0,34,69,0,0,0,0,0,0,0,61,0,0,39,53,33,0,0,0,0,0,0,8,54,86,42,13,0,0,0,14,78,52,62,94,0,68,0,87,55,96,0,51,14,6,0,31,65,91,52,64,30,0,81,89,78,88,0,0,60,89,72,0,39,67,0,16,24,90,73,0,53,26,33,2,0,0,0,0,0,0,0,0,69,59,44,0,77,12,79,59,0,0,69,34,21,92,53,46,0,27,78,0,56,0,0,0,0,0,0,0,0,0,0
2022-12-01,20,17,28,69,35,0,32,41,56,50,40,0,68,47,100,67,29,66,23,64,38,21,0,0,57,35,0,0,0,0,0,47,0,77,100,34,70,84,45,36,39,0,26,0,0,0,0,0,0,0,0,0,0,25,66,0,0,0,0,0,100,0,51,0,0,29,47,36,0,0,0,0,0,0,6,47,21,0,13,0,0,0,0,81,56,41,83,0,0,0,87,66,82,0,0,16,5,0,24,81,100,57,75,35,0,71,68,88,73,0,0,83,65,61,0,43,61,0,14,13,74,75,0,46,34,33,1,0,0,0,0,0,0,0,0,65,41,43,0,65,12,68,91,0,0,71,19,21,70,0,34,0,31,64,0,63,0,0,0,0,0,0,0,0,0,0
2023-01-01,22,14,34,80,37,0,39,44,61,64,66,0,84,45,66,76,29,74,22,50,46,23,0,0,50,40,0,0,0,0,0,45,0,74,66,54,86,99,31,46,60,37,32,0,0,0,0,0,0,0,0,0,30,17,68,0,0,0,0,0,0,0,61,0,0,26,44,38,0,0,0,0,0,0,10,54,80,0,14,0,0,0,19,100,67,38,100,0,73,0,83,64,87,0,44,16,5,0,28,76,100,46,71,40,0,93,55,75,87,0,0,87,91,43,0,42,58,0,18,18,54,75,1,76,26,40,1,0,0,0,0,0,0,0,0,74,42,41,22,71,10,85,77,0,100,100,26,0,97,60,30,0,33,60,0,66,0,0,0,0,0,0,0,0,0,0
2023-02-01,24,25,36,85,39,0,36,41,78,56,69,0,73,37,53,79,34,74,25,46,25,24,0,0,71,37,0,0,0,0,0,37,0,62,22,100,83,100,26,48,60,35,28,0,0,0,0,0,0,0,0,0,0,27,100,0,100,0,0,0,0,0,59,0,0,0,64,24,0,0,0,0,0,0,10,49,47,0,14,0,0,0,31,90,66,66,90,0,89,0,86,59,91,0,56,33,6,0,29,77,100,44,76,40,0,94,71,84,100,0,0,66,85,63,0,57,91,0,18,0,65,51,1,31,42,37,2,0,0,0,0,0,0,0,0,100,44,41,0,85,11,95,79,0,0,93,26,0,89,0,54,0,31,73,0,68,0,0,0,0,0,0,0,0,0,0
2023-03-01,54,0,27,78,53,0,44,46,87,70,44,0,73,38,61,80,39,83,22,58,44,100,0,0,49,39,0,0,0,0,0,38,0,84,20,42,88,92,22,56,53,0,13,24,0,0,0,0,0,0,0,0,0,0,35,0,0,0,0,0,0,0,64,0,0,0,57,30,0,0,0,0,0,0,9,49,42,0,15,0,0,0,18,82,84,44,91,0,78,0,91,72,86,0,44,19,6,0,30,69,78,60,66,42,0,86,100,88,54,0,0,55,55,67,0,69,72,0,32,26,54,86,0,28,0,45,12,0,0,0,0,100,0,0,0,69,47,51,0,70,12,86,64,0,0,88,32,23,88,0,48,0,36,72,0,70,0,0,0,0,0,0,0,0,0,0
2023-04-01,29,0,26,53,44,0,30,41,69,57,35,0,72,33,54,69,29,71,16,42,23,45,0,0,30,39,0,0,0,0,0,33,0,56,72,32,58,65,25,41,31,0,10,16,0,0,0,0,0,0,0,0,0,0,24,0,0,0,0,0,0,0,50,0,0,0,35,29,0,0,0,0,0,0,6,41,56,25,13,0,0,0,0,78,84,58,78,0,43,0,85,64,73,0,36,14,5,0,26,82,79,60,44,28,0,77,46,79,43,0,0,46,69,55,0,51,72,0,34,0,61,65,0,36,23,26,11,0,0,0,0,0,0,0,0,57,43,39,0,70,13,66,50,0,73,82,26,21,69,0,48,0,26,58,0,53,0,0,0,0,0,0,0,0,0,0
2023-05-01,32,10,35,79,54,27,32,48,81,69,57,0,90,38,69,75,29,75,19,58,35,51,0,0,46,48,0,0,0,0,0,38,0,67,21,42,100,100,47,61,62,0,27,21,0,0,0,0,0,0,0,0,0,33,48,0,0,0,0,0,0,0,69,0,0,0,43,46,0,0,0,0,0,0,8,48,39,0,15,0,0,0,15,85,91,59,86,0,49,0,90,72,93,0,30,13,4,0,27,70,69,56,69,29,0,94,57,81,33,0,0,49,70,36,0,60,56,0,48,17,63,51,0,39,46,29,13,0,0,0,0,0,0,0,0,58,44,46,0,73,10,87,52,63,54,90,24,0,83,49,43,0,31,77,18,81,0,0,0,0,0,0,0,0,0,0
2023-06-01,38,8,30,67,53,0,28,52,78,63,30,0,92,32,64,62,29,73,26,62,35,59,0,0,41,40,34,0,0,18,0,32,0,83,19,33,84,53,20,30,0,0,15,14,0,0,0,0,0,0,0,0,32,17,38,0,0,0,0,0,0,0,68,0,0,25,48,39,0,0,0,0,0,0,7,51,33,0,24,0,0,0,24,84,100,67,90,0,74,0,86,67,88,0,37,17,3,0,24,74,71,55,43,37,0,93,63,97,44,0,0,49,82,46,0,58,71,0,100,12,64,57,0,51,34,26,10,0,0,0,0,0,0,0,0,54,47,45,0,63,11,85,48,0,71,96,38,21,71,58,45,0,100,82,0,74,0,0,0,0,0,0,0,0,0,0
2023-07-01,36,7,30,60,51,0,26,54,82,57,32,0,63,27,63,77,43,84,24,58,29,55,0,0,30,42,0,0,0,0,0,27,0,58,16,43,68,67,0,30,47,0,9,0,0,0,0,0,0,0,0,0,0,18,43,0,0,0,0,0,0,0,63,0,0,0,63,28,0,0,0,0,0,0,7,48,35,0,13,0,0,0,27,87,79,55,96,0,0,0,87,59,81,0,34,17,3,0,25,80,70,53,37,38,0,91,81,74,31,0,0,48,76,52,0,60,66,0,55,19,70,71,0,39,0,28,37,0,0,0,0,0,0,0,0,50,51,46,0,66,9,83,47,40,79,97,22,0,74,97,45,0,62,69,0,81,0,0,0,0,0,0,0,0,0,0
2023-08-01,35,0,32,61,50,0,24,48,100,61,47,0,82,27,68,69,36,76,21,47,27,53,0,0,23,65,0,0,0,0,0,27,0,89,20,34,66,66,21,36,46,28,9,13,0,0,0,0,0,0,0,0,0,0,40,0,0,0,0,0,0,0,64,0,0,0,57,34,0,0,0,0,0,0,8,50,25,0,15,0,0,0,14,88,91,78,94,0,0,0,88,66,87,0,43,18,3,0,26,84,70,48,38,29,0,86,47,69,27,0,0,53,60,69,0,61,46,0,25,0,85,45,0,0,0,31,65,0,0,0,0,0,0,0,0,51,49,48,0,70,10,86,51,0,0,94,23,0,85,0,50,0,37,79,0,94,0,0,0,0,0,0,0,0,0,0
2023-09-01,30,10,26,62,49,0,23,39,66,55,38,0,81,29,70,65,30,72,22,59,27,33,0,0,21,100,0,0,0,18,0,29,0,80,23,42,72,55,34,28,34,0,7,16,0,0,0,0,0,0,0,0,0,0,57,0,0,0,0,0,0,0,62,0,0,0,42,45,0,0,0,0,0,0,8,43,0,0,68,0,0,0,0,90,67,44,96,0,0,0,88,63,85,0,31,13,2,0,18,74,64,48,37,31,0,85,56,72,27,0,0,50,75,43,0,29,48,0,14,14,62,65,0,37,0,25,59,0,0,0,0,0,0,0,0,57,48,50,0,72,10,79,47,37,67,85,30,23,83,0,43,0,34,71,0,69,0,0,0,0,0,0,0,0,0,0
2023-10-01,30,0,21,58,46,0,22,37,62,54,0,0,62,20,68,65,24,64,20,44,25,25,0,0,24,43,0,0,0,0,0,20,0,90,18,40,80,43,24,26,45,0,9,11,0,0,0,0,0,0,0,0,0,0,0,0,0,0,0,0,0,0,63,0,0,0,35,67,0,0,0,0,0,0,8,44,27,0,14,0,0,0,27,76,60,46,85,0,45,49,87,49,77,0,43,18,2,0,19,67,68,48,36,28,0,81,69,65,19,0,0,50,87,59,0,40,27,0,11,0,51,57,0,51,0,22,53,0,0,0,0,0,0,0,0,61,30,35,0,63,9,73,46,0,0,80,31,22,86,57,37,0,34,63,0,61,0,0,0,0,0,0,0,0,0,0
2023-11-01,25,0,26,57,55,0,23,39,69,54,38,0,65,25,73,64,26,61,26,56,47,28,0,0,26,45,0,0,0,0,0,25,0,82,19,52,83,40,29,39,27,0,8,0,0,0,0,0,0,0,0,0,0,0,32,0,0,0,0,0,0,0,67,0,0,0,44,62,0,0,0,0,0,0,7,40,22,0,14,0,0,0,16,82,61,47,89,0,68,0,87,44,84,0,27,14,2,0,19,73,73,59,38,28,0,82,66,73,20,0,0,51,66,73,0,72,41,0,0,13,75,49,0,39,25,21,52,0,0,0,0,0,0,0,0,59,38,47,0,72,10,72,51,0,58,86,23,19,100,0,38,0,36,68,0,71,0,0,0,0,0,0,0,0,0,0
2023-12-01,25,7,21,51,100,0,22,37,63,31,50,0,79,18,60,71,29,70,16,39,0,27,0,0,17,33,0,0,0,0,0,18,0,78,21,46,55,33,30,20,28,0,6,16,0,0,100,0,0,0,0,0,0,0,23,0,0,0,0,0,0,0,57,0,0,0,37,52,0,0,0,0,0,0,7,40,32,0,15,0,0,0,17,94,53,60,84,0,0,0,91,40,78,0,53,15,2,0,18,97,75,54,39,29,0,88,48,100,28,0,0,83,64,47,0,44,52,0,11,0,30,45,7,39,0,24,56,0,0,0,0,0,0,0,0,52,35,59,0,63,11,70,54,0,0,83,23,0,80,0,42,0,45,59,0,49,0,0,0,0,0,0,0,0,0,0
2024-01-01,26,17,23,52,98,0,24,39,67,62,52,0,87,25,57,69,28,67,21,29,0,28,0,0,25,26,0,0,0,0,0,25,0,88,21,44,65,54,24,47,38,0,6,14,0,0,0,74,0,0,0,0,0,0,31,0,0,0,0,0,0,0,56,0,0,0,37,31,0,0,0,0,0,0,8,43,34,22,13,0,0,0,34,97,42,62,90,0,43,0,84,60,81,0,51,18,2,0,18,90,70,37,43,37,0,94,60,73,37,0,0,96,59,47,0,51,44,0,12,0,26,66,11,40,0,18,50,0,0,0,0,0,0,0,0,49,39,49,0,71,8,92,50,0,0,79,20,0,86,0,40,0,41,60,0,54,0,0,0,0,0,0,0,0,0,0
2024-02-01,31,10,36,53,66,0,23,40,59,46,38,0,78,31,55,68,27,65,18,40,30,31,0,0,23,24,0,80,0,0,0,31,0,95,18,32,66,71,27,33,0,0,6,18,0,0,0,0,0,0,0,0,0,0,33,0,0,0,0,0,0,0,52,0,0,0,30,44,0,0,0,0,0,0,8,41,48,25,11,0,0,0,17,89,51,75,83,0,53,0,84,65,87,0,33,16,2,0,22,86,82,38,44,46,0,87,74,83,34,0,0,56,68,66,0,53,38,0,24,28,33,70,0,29,0,25,45,0,0,0,0,0,0,0,0,45,38,45,0,68,8,86,59,0,0,72,32,0,88,0,35,0,51,63,28,40,100,0,0,0,0,0,0,0,0,0
2024-03-01,30,12,29,55,91,0,23,39,68,50,35,0,93,18,54,66,33,65,23,57,24,30,0,0,20,24,0,0,0,0,0,18,0,91,21,35,66,57,24,40,0,0,8,13,0,0,0,0,0,0,0,0,0,0,41,0,0,0,0,0,0,0,58,0,0,0,29,29,0,0,0,0,0,0,8,37,32,0,39,0,0,0,28,81,58,51,81,0,0,0,82,51,77,0,29,20,2,0,21,80,69,36,47,39,0,77,42,74,24,0,63,58,97,57,0,47,55,0,12,0,18,43,0,46,22,19,47,0,0,0,0,0,0,0,0,43,38,49,0,49,8,69,59,0,63,89,21,0,92,0,27,0,42,71,70,73,0,0,0,0,0,0,0,0,0,0
2024-04-01,26,11,28,46,81,0,18,37,69,37,0,0,75,17,59,65,29,66,16,30,41,34,0,0,17,26,0,0,0,0,0,17,0,72,87,48,55,82,24,22,39,0,5,24,0,0,0,0,0,0,0,0,0,0,0,0,0,0,0,0,0,0,47,0,0,0,25,74,0,0,0,0,0,0,9,41,33,0,39,0,0,0,20,78,33,79,73,0,0,0,79,50,79,0,59,16,2,0,15,88,70,39,44,26,0,75,30,70,32,0,0,51,68,39,0,42,45,0,16,18,20,43,0,31,0,18,46,0,0,0,0,0,0,0,0,38,21,44,0,62,8,64,50,0,0,77,0,0,79,0,28,0,35,51,48,25,0,0,0,0,0,0,0,0,0,0
2024-05-01,24,9,31,44,92,0,17,39,64,43,0,0,72,16,64,66,32,65,18,25,24,28,0,0,20,22,0,0,0,0,0,16,0,78,25,29,69,39,38,28,26,0,5,23,0,0,0,0,0,0,0,0,0,0,27,0,0,0,0,0,0,0,55,0,0,0,27,50,0,0,0,0,0,0,7,41,38,0,16,0,0,0,21,86,52,67,80,0,0,0,76,44,69,0,0,16,2,0,18,78,59,33,43,27,0,72,44,72,30,0,57,49,67,42,0,43,61,0,12,15,29,44,0,30,24,16,46,0,0,0,0,0,0,0,0,43,33,40,0,68,7,69,49,0,0,88,27,0,81,0,24,0,34,53,60,51,0,0,0,0,0,0,0,0,0,0
2024-06-01,23,0,26,47,82,0,14,32,60,51,0,0,46,19,61,63,27,59,17,48,22,26,0,0,14,21,0,0,0,0,0,19,0,87,17,42,66,65,19,58,0,0,5,0,0,0,0,0,0,0,0,0,0,0,33,0,0,0,0,0,0,0,49,0,0,0,29,61,0,0,0,0,0,0,8,40,0,0,20,0,0,0,29,86,34,0,79,0,0,0,85,37,73,0,28,16,2,0,14,67,58,35,37,28,0,69,42,66,24,0,0,52,58,45,0,35,53,0,48,19,18,51,0,59,37,15,45,0,0,0,0,0,0,0,0,36,33,43,0,56,7,73,50,0,0,86,21,0,80,56,18,0,37,62,59,50,0,0,0,0,0,0,0,0,0,0
2024-07-01,24,0,26,52,94,0,18,35,63,39,0,0,90,15,69,58,29,68,20,40,22,26,0,0,20,22,0,0,0,0,0,15,0,76,17,42,69,63,20,31,0,0,6,0,0,0,0,0,0,0,0,0,0,17,25,0,0,0,93,0,0,0,56,0,0,0,27,75,0,0,0,0,0,0,12,45,0,0,22,0,0,0,27,81,52,45,84,0,0,0,90,49,80,0,70,22,2,0,17,80,72,37,38,32,0,62,53,71,20,0,0,50,55,87,0,48,57,0,23,13,0,55,0,40,0,16,48,0,0,0,0,0,0,0,0,49,24,42,0,58,6,66,47,0,0,91,22,0,81,0,20,0,43,43,47,79,0,0,0,26,0,0,0,0,0,0
2024-08-01,21,0,29,53,87,0,19,33,61,32,49,0,83,27,61,67,27,71,19,41,0,24,100,0,21,20,0,0,0,0,0,27,0,77,18,0,64,78,0,22,0,0,4,17,0,0,0,0,0,0,0,0,36,0,30,0,0,0,0,0,0,0,49,0,0,0,38,54,0,0,0,0,0,0,25,42,26,0,19,0,0,0,16,81,39,54,81,0,0,0,87,45,71,0,42,20,2,0,19,91,75,40,41,38,0,79,62,71,18,0,0,49,87,37,0,39,66,0,16,20,30,30,1,36,0,17,46,0,0,0,0,0,0,0,0,35,28,45,0,68,7,70,71,0,0,91,0,0,94,0,21,0,31,47,48,89,0,0,0,0,0,0,0,0,0,0
2024-09-01,22,0,39,59,88,0,19,32,60,39,0,0,53,24,51,66,40,67,18,39,0,25,0,0,17,16,0,0,0,0,0,24,0,63,16,55,51,76,27,33,0,0,6,16,0,0,0,0,0,0,0,0,0,0,44,0,77,0,0,0,0,0,42,0,0,0,43,68,0,0,0,0,0,0,69,44,22,44,15,0,0,0,31,72,40,77,72,0,0,0,81,48,68,0,37,15,2,0,15,81,68,36,40,37,0,69,43,60,0,0,0,53,63,66,0,57,61,0,22,25,32,26,0,46,48,28,44,0,0,0,0,0,0,0,0,40,21,40,0,76,6,59,60,0,0,90,22,0,83,64,20,0,24,46,86,87,0,0,0,0,0,0,0,0,0,0
2024-10-01,27,9,28,53,86,0,22,31,67,50,43,0,67,17,54,65,36,61,16,51,0,26,0,0,13,17,0,0,0,0,0,17,0,85,20,53,62,56,22,35,0,0,6,18,0,0,0,0,0,0,0,0,0,0,0,0,0,0,0,0,0,0,43,0,0,0,40,64,0,0,0,0,0,0,27,38,32,26,15,0,0,100,20,75,50,59,80,0,0,0,85,51,75,0,30,16,2,0,13,75,70,40,40,42,0,60,48,77,21,0,64,59,84,77,0,40,51,0,19,0,23,34,0,60,26,21,34,0,0,0,0,0,0,0,0,37,31,48,18,70,6,67,57,0,0,91,23,0,83,0,20,0,36,56,55,99,0,0,0,0,0,0,0,0,0,0
2024-11-01,26,12,29,56,85,0,20,29,62,40,48,0,33,21,61,69,38,68,19,51,21,26,0,0,19,18,0,0,0,0,0,21,0,100,24,30,68,37,30,31,32,0,7,17,0,0,0,0,0,0,0,0,0,0,0,0,0,0,0,0,0,0,49,0,0,0,40,65,0,0,0,0,0,0,100,44,0,27,15,0,0,0,15,75,69,89,81,0,0,0,87,59,74,0,33,18,2,0,15,81,76,40,40,35,0,74,49,67,21,0,0,59,54,41,0,42,33,0,17,19,42,40,1,88,30,22,9,0,0,0,0,0,0,0,0,35,27,47,0,53,7,68,49,0,0,90,31,0,90,73,23,0,43,74,94,76,0,0,0,0,0,0,0,0,0,0
2024-12-01,21,0,26,45,83,0,15,31,68,27,0,0,62,14,58,77,56,68,11,0,0,25,0,0,13,17,0,0,0,0,0,14,0,78,17,0,35,30,55,27,0,32,7,24,0,0,0,0,0,0,0,0,0,0,0,0,0,0,0,0,0,0,46,0,0,0,33,73,0,0,0,0,0,0,8,41,26,40,20,0,0,0,40,79,49,74,74,0,70,0,87,51,63,0,0,18,2,0,15,98,78,43,39,39,0,68,40,75,28,0,0,100,76,55,0,40,59,0,0,21,35,54,1,0,0,19,10,0,0,0,0,0,0,0,0,39,31,35,0,53,7,67,50,0,0,77,37,0,79,0,23,0,64,40,49,68,0,0,0,0,0,0,0,0,0,0
2025-01-01,25,0,30,47,88,0,18,35,76,27,46,0,74,15,68,78,60,76,15,32,34,26,59,0,13,23,0,0,0,0,0,15,0,94,23,65,54,54,34,30,0,0,5,0,0,0,0,0,0,0,0,0,0,0,0,0,0,0,0,0,0,0,54,0,0,0,31,78,0,0,0,0,0,0,9,37,33,0,23,0,0,0,32,84,46,73,84,0,72,0,98,49,71,0,39,22,2,0,15,95,67,41,41,51,0,79,59,78,19,0,0,89,88,51,0,38,57,0,0,15,31,49,1,42,25,21,44,0,0,0,0,0,0,0,0,47,18,42,0,61,6,73,43,0,0,93,39,25,88,0,21,0,62,66,63,100,0,0,0,0,0,0,0,0,0,0
2025-02-01,24,0,32,48,85,0,19,33,69,28,0,0,93,12,60,72,51,70,19,59,29,31,0,0,8,20,0,0,100,0,0,12,0,82,18,38,62,36,26,34,30,0,8,18,0,0,0,0,0,0,0,0,0,0,0,0,0,0,0,0,0,0,51,0,0,0,26,81,0,0,0,0,0,0,8,35,23,0,97,0,0,0,22,86,52,50,80,0,0,0,84,43,71,0,0,29,2,0,15,91,59,36,41,46,0,64,34,99,26,0,0,56,51,47,0,0,34,0,0,0,47,68,1,0,0,21,48,0,0,0,0,0,0,0,0,38,29,47,0,69,6,76,45,0,0,96,34,0,83,78,20,0,46,69,46,94,0,0,0,0,0,0,0,0,0,0
2025-03-01,22,0,30,48,87,0,16,32,67,38,0,0,96,27,56,66,42,62,16,26,41,27,0,0,8,20,0,0,0,0,0,27,0,93,17,0,59,29,45,20,0,0,7,19,0,0,0,0,0,0,0,0,0,0,33,0,0,0,0,0,0,0,48,0,0,0,34,80,0,0,0,0,0,0,10,31,19,0,52,0,0,0,33,85,57,59,75,0,97,0,82,46,70,0,0,29,2,0,14,85,74,41,39,33,0,70,33,67,0,0,82,42,70,70,0,37,40,0,19,0,32,28,2,54,0,16,40,0,0,0,0,0,0,0,0,44,19,40,0,63,7,67,48,0,0,89,43,32,86,0,18,0,40,57,58,90,0,0,0,0,0,0,0,0,0,0
2025-04-01,25,0,22,41,73,0,16,32,64,39,0,0,53,27,54,69,60,64,15,0,0,29,0,0,10,17,0,0,0,0,0,27,0,74,15,39,60,19,0,33,0,0,4,19,0,0,0,0,0,0,0,0,0,0,0,0,0,0,0,0,0,0,46,0,0,0,35,65,0,0,0,0,0,0,12,33,0,0,28,0,0,0,22,92,47,70,66,0,0,0,91,50,66,0,45,100,2,0,12,90,69,41,37,34,0,64,34,68,0,0,0,43,67,56,0,35,52,0,0,0,21,32,12,0,0,14,39,0,0,0,0,0,0,0,0,25,17,33,0,83,6,60,53,75,0,82,33,0,70,67,19,0,32,42,29,80,0,0,39,0,0,0,0,0,0,0
2025-05-01,23,0,31,45,86,0,13,35,66,29,0,0,38,20,70,74,40,61,16,46,31,26,0,0,7,23,0,0,0,0,0,20,0,66,18,37,60,22,28,26,0,0,5,0,0,0,0,0,0,0,0,0,0,0,62,0,0,0,0,0,0,0,53,0,0,0,31,55,0,0,0,0,0,0,19,37,50,36,99,0,0,0,29,86,47,50,71,0,0,0,92,40,67,0,42,30,2,0,13,77,55,35,38,51,0,55,31,69,22,0,0,48,82,51,0,0,37,0,0,0,27,52,58,0,0,11,55,0,0,0,0,0,0,0,0,35,26,35,0,76,5,59,52,0,0,84,36,0,73,60,17,0,37,58,37,62,0,0,0,0,0,0,0,0,0,0
2025-06-01,20,0,25,46,77,0,15,35,73,17,76,0,60,17,71,72,46,61,15,38,0,25,0,0,9,34,0,0,0,0,0,17,0,58,15,45,58,22,0,17,0,0,5,23,0,0,0,0,0,0,0,0,0,0,0,0,0,0,0,0,0,0,54,0,0,0,23,98,0,0,0,0,0,0,8,31,28,0,97,0,0,0,27,80,47,72,73,0,0,0,89,53,69,0,0,30,2,0,15,80,62,33,37,34,0,65,29,64,0,100,91,48,58,52,0,0,40,0,0,0,31,68,63,38,36,17,53,0,0,0,0,0,0,0,0,38,24,42,0,59,5,63,51,0,0,79,43,0,81,0,15,0,38,62,35,62,0,0,0,0,0,0,0,100,0,0
2025-07-01,23,0,24,40,78,0,15,35,74,36,0,0,42,16,57,65,47,66,12,26,38,27,0,0,7,37,0,0,0,0,0,16,0,62,16,55,43,25,23,19,0,0,6,29,0,0,0,0,0,0,0,0,0,19,30,0,0,0,0,0,0,0,55,0,0,0,36,69,0,0,0,0,0,0,8,31,38,43,71,0,0,0,44,77,43,44,76,0,50,0,92,43,67,0,42,52,2,0,13,90,66,37,38,44,0,65,45,63,0,0,0,42,61,54,0,40,37,0,0,0,0,57,50,0,0,16,49,0,0,0,0,0,0,0,0,31,14,41,0,58,5,60,51,0,0,79,23,0,79,0,17,0,66,60,47,76,0,0,0,0,0,0,0,0,100,0
2025-08-01,23,0,27,43,80,28,18,33,70,30,0,0,78,14,57,70,50,69,13,57,22,26,0,0,8,34,0,0,0,0,0,14,0,87,17,36,54,29,31,19,0,0,4,20,0,0,0,0,0,0,77,0,0,0,0,0,0,0,0,0,0,0,53,21,0,0,15,100,0,0,0,0,0,0,7,28,23,0,86,0,0,0,34,82,56,79,77,0,0,0,94,41,63,0,34,36,2,0,9,100,62,40,34,33,0,78,34,62,0,0,75,49,59,28,0,47,58,0,0,0,18,45,48,53,0,16,43,0,0,0,0,0,0,0,0,34,19,45,0,59,5,56,61,0,0,70,43,0,83,97,21,0,41,62,45,69,0,0,0,0,0,0,0,0,0,0
2025-09-01,21,0,34,40,74,0,15,26,68,25,0,0,65,16,61,63,48,65,9,0,24,24,0,0,7,27,0,0,0,0,0,16,0,66,18,51,45,24,35,19,0,0,5,0,0,0,0,0,0,0,0,0,0,0,26,0,0,0,0,0,0,0,43,0,0,0,23,82,0,0,0,100,0,0,6,35,28,32,100,0,0,0,30,67,61,68,70,0,0,0,84,45,60,0,0,21,2,0,12,80,68,34,29,52,0,60,37,64,0,0,0,44,74,40,0,0,45,0,0,0,21,35,79,38,0,18,42,0,0,0,0,0,0,0,0,24,15,32,0,60,4,53,48,0,0,70,50,0,76,0,16,0,29,79,49,59,0,0,0,0,0,0,0,0,0,0
2025-10-01,23,0,22,41,75,0,16,31,74,15,53,0,56,15,59,63,58,62,12,40,0,22,0,0,4,24,0,0,0,0,0,15,0,74,20,41,45,23,0,20,0,0,4,18,0,0,0,0,0,0,0,0,0,0,0,0,0,0,0,0,0,0,51,0,0,0,25,80,100,0,0,0,0,0,7,28,78,0,44,0,0,0,23,73,51,63,71,100,51,0,91,44,63,100,0,24,2,0,9,84,76,38,30,42,0,57,35,64,0,0,100,59,52,57,0,0,36,0,0,0,27,38,100,32,0,18,43,0,0,0,0,0,0,0,0,29,17,36,0,47,5,55,48,0,0,61,41,0,70,0,17,0,25,45,41,48,0,0,0,0,0,0,0,0,0,0
